name,neg,neu,pos,compound,is_neg,is_neu,is_pos
AElshaug,0.07133430232558137,0.8010494186046513,0.1276104651162791,0.19038110465116265,0.0,0.938953488372093,0.0
AFathollahNejad,0.09253415453527429,0.8417278835386337,0.06573236282194848,-0.12911455767077265,0.0,0.9608062709966405,0.0011198208286674132
A_Sloat,0.04682110091743118,0.8509403669724777,0.1022706422018349,0.1444738532110092,0.0,0.963302752293578,0.0
AaronDKlein,0.06454606741573037,0.8372988764044944,0.09815730337078646,0.10011775280898864,0.0022471910112359553,0.9483146067415731,0.0
AbdoGeneive,0.08030287206266323,0.8418041775456919,0.07791383812010448,-0.029060313315926865,0.0,0.9686684073107049,0.0
AdamJTriggs,0.08349575070821527,0.8201501416430595,0.09635977337110482,0.024688951841359767,0.0,0.9716713881019831,0.0056657223796034
AdamPLiff,0.046835855646100086,0.8412805587892899,0.11187310826542482,0.16314668218859138,0.0,0.9452852153667055,0.002328288707799767
AddisuLashitew,0.05733962264150945,0.8284339622641513,0.11424528301886792,0.1447553459119497,0.0,0.9685534591194969,0.018867924528301886
AdeleCMorris,0.05514650388457269,0.8268401775804661,0.1180133185349611,0.18588956714761365,0.0,0.9378468368479467,0.004439511653718091
AdieTomer,0.041602197802197836,0.8269472527472529,0.1314351648351649,0.27348395604395626,0.0,0.9637362637362638,0.002197802197802198
AlexBrill_DC,0.060733812949640274,0.8159304556354912,0.12333573141486809,0.18089616306954423,0.0,0.920863309352518,0.0
AlexCEngler,0.06184188034188031,0.8296923076923078,0.10847435897435899,0.13278076923076923,0.0,0.9358974358974359,0.008547008547008548
AlexisMrachek,0.07172242424242431,0.811659393939393,0.11661939393939394,0.07462921212121204,0.0,0.9224242424242424,0.009696969696969697
AngelaRachidi,0.06811314984709484,0.7814342507645266,0.15044852191641178,0.2168688073394496,0.0,0.9031600407747197,0.004077471967380225
AngelaStent,0.032644396551724145,0.8767909482758623,0.09056249999999992,0.14772327586206913,0.0,0.9633620689655172,0.0021551724137931034
AnnaDScherbina,0.088,0.8414999999999999,0.0705,-0.07335,0.0,1.0,0.0
AronRTTT,0.06484812286689418,0.8508088737201368,0.084339590443686,0.032259726962457304,0.0,0.9402730375426621,0.005119453924914676
Arturo_Sarukhan,0.09457668711656442,0.8776196319018402,0.027809815950920243,-0.1523196319018404,0.0,0.9447852760736196,0.0
BSangafowaCoul,0.04303549382716051,0.8248163580246912,0.13213117283950604,0.24549120370370367,0.0,0.9305555555555556,0.007716049382716049
BarryRabe,0.03044420600858367,0.8435482832618012,0.12600321888412022,0.29325611587982864,0.0,0.9581545064377682,0.002145922746781116
BenBernanke,0.07255737704918033,0.8486393442622951,0.07885245901639346,0.022255737704918035,0.0,0.9672131147540983,0.0
Bhershbein,0.06032954545454547,0.8468636363636365,0.0928068181818182,0.14051022727272727,0.0,0.9772727272727273,0.0
BillGalston,0.06301900739176347,0.8396737064413936,0.09729144667370644,0.09769134107708546,0.0,0.9757127771911299,0.0
BinderSAB,0.05571128608923885,0.8432467191601046,0.1010341207349082,0.13473070866141726,0.0,0.973753280839895,0.0026246719160104987
BlairLevin,0.01661363636363636,0.8546363636363636,0.12875,0.24610909090909103,0.0,0.9204545454545454,0.011363636363636364
BobWeissb,0.0154,0.7771,0.20749999999999996,0.41022,0.0,1.0,0.0
BrettDSchaefer,0.046700000000000005,0.7561000000000001,0.1971,0.51521,0.0,0.9,0.1
Bromund,0.07550107526881723,0.8098526881720427,0.1146311827956989,0.08173666666666665,0.0,0.910752688172043,0.004301075268817204
Brookes_Peter,0.06668353067814853,0.8647685683530667,0.06854897739504844,-0.0005105489773950503,0.0,0.9515608180839612,0.002152852529601722
BrookingsIndia,0.0381625668449198,0.881472727272727,0.08036898395721927,0.15374417112299482,0.0,0.986096256684492,0.0
BruceBrookings,0.0681761158021713,0.8069505428226775,0.1248962605548853,0.12388661037394444,0.0024125452352231603,0.8986731001206273,0.008443908323281062
BruceKlingner,0.06643811881188116,0.8328886138613857,0.10066831683168316,0.10221732673267327,0.0,0.9628712871287128,0.0024752475247524753
CHSommers,0.10545012165450117,0.7862566909975659,0.10831630170316295,-0.0017253041362530416,0.0024330900243309003,0.9038929440389294,0.0036496350364963502
CHonorableEsq,0.02310449438202248,0.7253078651685391,0.25159325842696634,0.5613269662921352,0.0011235955056179776,0.7752808988764045,0.01348314606741573
CKwauk,0.035176278563656176,0.8418313384113165,0.1229945593035907,0.2682627856365619,0.0,0.955386289445049,0.00544069640914037
Cam_Kerry,0.04059410430839003,0.8363435374149655,0.12305328798185927,0.2310479591836736,0.0,0.9410430839002267,0.003401360544217687
CamilleBusette,0.08638967136150233,0.8101596244131454,0.10340375586854461,0.0538849765258216,0.0,0.9107981220657277,0.0
Care_Esther,0.02059692307692309,0.8644338461538466,0.11496615384615384,0.25751107692307673,0.0,0.96,0.003076923076923077
CarloBastasin,0.04911513859275054,0.8952803837953089,0.055588486140724924,0.002418336886993603,0.0,0.9456289978678039,0.0031982942430703624
CharmaineYoest,0.05214113389626057,0.798314837153196,0.14952472858866098,0.22673425814234033,0.0012062726176115801,0.8841978287092883,0.012062726176115802
ChhabraT,0.06437190082644631,0.831461776859505,0.10419008264462792,0.12439535123966922,0.0,0.9741735537190083,0.0010330578512396695
ChinaKenL,0.09372727272727271,0.7932727272727272,0.11309090909090912,-0.07050909090909094,0.0,1.0,0.0
Cold_Peace_,0.05736511627906978,0.8579837209302319,0.08465581395348835,0.08231116279069771,0.0,0.9744186046511628,0.002325581395348837
ConStelz,0.07217032967032967,0.8306346153846156,0.0972101648351648,0.038209615384615474,0.0013736263736263737,0.9244505494505495,0.004120879120879121
DAlexBlumenthal,0.09354304635761591,0.8031081677704192,0.10333995584988963,0.017929801324503333,0.0,0.9359823399558499,0.002207505518763797
DJSnower,0.08006830309498389,0.8195421558164351,0.10039594450373544,0.05329519743863392,0.0,0.9541088580576307,0.0021344717182497333
DJ_gribbin,0.04065384615384616,0.7775961538461538,0.1817692307692308,0.3612384615384615,0.0,0.9038461538461539,0.0
DaboubJorge,0.05338966630785792,0.9367168998923576,0.008809472551130246,-0.17662066738428417,0.0,0.9935414424111948,0.0
DaliborRohac,0.07168019093078756,0.8117911694510741,0.11652863961813856,0.11059642004773254,0.0011933174224343676,0.9105011933174224,0.002386634844868735
DarrWest,0.04848004314994611,0.844018338727076,0.10749730312837116,0.1610760517799352,0.0,0.9546925566343042,0.003236245954692557
DavidADitch,0.07902341137123739,0.8127892976588632,0.10818060200668901,0.09341772575250833,0.0,0.9386845039018952,0.0033444816053511705
DeanTaylorWashU,0.010024886877828055,0.7653031674208144,0.224683257918552,0.5930418552036201,0.0,0.8936651583710408,0.013574660633484163
DerekScissors1,0.0714831168831169,0.8545246753246754,0.07397662337662335,0.01173064935064937,0.005194805194805195,0.948051948051948,0.0025974025974025974
DiXu24980271,0.021627450980392152,0.8074362745098043,0.17094607843137258,0.40244509803921547,0.0,0.8921568627450981,0.029411764705882353
Dianeskatz,0.10660536398467432,0.8129655172413789,0.08044827586206894,-0.056690804597701164,0.0,0.9310344827586207,0.0
DonKettl,0.04193548387096776,0.8338193548387102,0.12423225806451618,0.24292387096774187,0.0,0.9483870967741935,0.012903225806451613
Dougsbriefcase,0.08330743243243248,0.801818693693693,0.1148592342342343,0.041734909909909905,0.0022522522522522522,0.865990990990991,0.0033783783783783786
DrJudithAWalker,0.020742424242424243,0.859151515151515,0.12007575757575757,0.3583287878787879,0.0,0.9848484848484849,0.0
DrMikeHansen,0.04454400000000001,0.8291560000000002,0.12629999999999997,0.20697439999999995,0.0,0.936,0.0
DrTongia,0.05422426470588236,0.845305147058823,0.10047671568627466,0.1542437499999999,0.0,0.9742647058823529,0.0
DupasPascaline,0.05300625,0.8015812499999999,0.14539375,0.3148643749999999,0.0,0.88125,0.0125
EGWBrookings,0.02904043715846995,0.8440098360655737,0.12694535519125688,0.26904907103825143,0.0,0.9366120218579235,0.003278688524590164
EHSlattery,0.04529777777777779,0.8368355555555552,0.11788000000000003,0.21683333333333335,0.0,0.9288888888888889,0.0
EJDionne,0.0816684723726977,0.7917573131094261,0.12657746478873239,0.13585222101841818,0.0010834236186348862,0.952329360780065,0.004333694474539545
EKamarck,0.059286240786240785,0.8666240786240784,0.07408722358722362,0.031281941031941006,0.0,0.9692874692874693,0.0012285012285012285
Econ_Sandy,0.05468456375838922,0.8022360178970911,0.14308277404921688,0.26290234899328874,0.0,0.9205816554809844,0.006711409395973154
EdFeulner,0.06729076620825147,0.8045284872298616,0.12817288801571702,0.16477387033398813,0.0,0.9115913555992141,0.007858546168958742
EmiVegasV,0.06303658536585369,0.8506890243902441,0.08628048780487808,0.07687682926829267,0.0,0.9573170731707317,0.0
EmilieTHF,0.07969836065573757,0.8041355191256815,0.116160655737705,0.10914808743169387,0.0,0.9333333333333333,0.003278688524590164
EricPatashnik,0.03776424870466321,0.8016580310880831,0.16058031088082914,0.3390878238341966,0.0,0.9222797927461139,0.007772020725388601
EricVerhoogen,0.0472207293666027,0.8157140115163147,0.13706525911708253,0.25146084452975015,0.0,0.9347408829174664,0.003838771593090211
EstevadeordalA,0.004759398496240602,0.9293984962406014,0.0658421052631579,0.16803007518796986,0.0,0.9849624060150376,0.0
EswarSPrasad,0.06419137931034481,0.8343379310344821,0.10147241379310347,0.09891499999999992,0.0,0.9413793103448276,0.0017241379310344827
FredericoBF,0.053911622276029074,0.8361888619854712,0.10990799031477007,0.1311115012106536,0.0,0.9430992736077481,0.0012106537530266344
GMIngramIV,0.009474999999999999,0.8549249999999999,0.1356,0.24463250000000003,0.0,1.0,0.0
GScottSays,0.09768421052631578,0.8001578947368422,0.1021127819548872,-0.04545563909774444,0.0,0.924812030075188,0.0
GabAboutTrade,0.05923214285714288,0.82925,0.1114642857142857,0.15526250000000005,0.0,0.9642857142857143,0.0
GalipDalay,0.039009564293305016,0.9214558979808706,0.03952816153028695,-0.0146261424017003,0.0010626992561105207,0.9723698193411264,0.003188097768331562
GaryJSchmitt1,0.06498633879781418,0.8249371584699453,0.11010109289617494,0.14754562841530044,0.0,0.9672131147540983,0.0
Gcanaparo,0.09964733178654296,0.7983503480278434,0.10200116009280741,-0.015637587006960572,0.0,0.9002320185614849,0.002320185614849188
GregClarkCities,0.01450662251655629,0.8373907284768215,0.14808940397350992,0.396029801324503,0.0,0.9304635761589404,0.0
GregWeiner1,0.05927408993576017,0.8318522483940041,0.10888329764453958,0.140714453961456,0.0010695187165775401,0.948663101604278,0.0021390374331550803
Gundisalvus,0.09069256756756752,0.7956880630630632,0.11360698198198206,0.04262488738738739,0.0,0.9155405405405406,0.0045045045045045045
HadyAmr,0.09078517722878618,0.7879011815252421,0.12131686358754022,0.08674897959183672,0.0,0.9215896885069818,0.0021482277121374865
HafezGhanem_WB,0.029922590837282773,0.8314644549763038,0.13860505529225914,0.3594691943127964,0.0,0.9415481832543444,0.0
HalBrands,0.07497465886939574,0.8198771929824562,0.10517543859649124,0.08577407407407407,0.0,0.9668615984405458,0.001949317738791423
HaroonBhorat,0.045763417305585974,0.841323110624315,0.11290361445783136,0.20827798466593658,0.0,0.9496166484118291,0.004381161007667032
HelenSHadani,0.020470198675496685,0.7987980132450333,0.1807483443708608,0.4412662251655627,0.0,0.9006622516556292,0.006622516556291391
HelenaRamirez,0.05428555678059539,0.7937828004410145,0.1519217199558985,0.22884200661521492,0.0,0.8831312017640573,0.005512679162072767
Helledale,0.0922478134110787,0.8115481049562684,0.09621282798833823,0.008288338192419826,0.0029154518950437317,0.8746355685131195,0.0029154518950437317
HolzerHarry,0.10362295081967211,0.7816065573770492,0.11478688524590162,0.030052459016393467,0.0,0.9344262295081968,0.0
HvonSpakovsky,0.13636421725239606,0.7925867944621955,0.07105537806176786,-0.1576408945686898,0.004259850905218318,0.8700745473908413,0.0010649627263045794
IanHathaway,0.05278501228501224,0.8227309582309584,0.12450491400491386,0.22048439803439818,0.0012285012285012285,0.9238329238329238,0.002457002457002457
IanVRowe,0.04036000000000001,0.8128266666666665,0.1468133333333333,0.337844,0.0,0.9466666666666667,0.0
ItamarRabinovi,0.0,0.98475,0.01525,0.0252875,0.0,1.0,0.0
JBSay,0.03293548387096774,0.8656532258064519,0.10141129032258066,0.19214838709677415,0.0,0.9758064516129032,0.0
JGuehenno,0.06843251533742326,0.8439366053169733,0.08763803680981601,0.0468774028629857,0.0,0.9570552147239264,0.0010224948875255625
JIMSEDU,0.07849637305699486,0.7818279792746113,0.13966113989637302,0.1896488082901557,0.0,0.9119170984455959,0.0051813471502590676
JJCarafano,0.07785714285714285,0.7986986794717891,0.12344417767106836,0.13292064825930347,0.0012004801920768306,0.907563025210084,0.003601440576230492
JM_Butcher,0.04877802441731408,0.8213751387347388,0.12985682574916751,0.23111120976692567,0.0,0.9478357380688124,0.0022197558268590455
JVVenable,0.07423750000000001,0.7912833333333343,0.13447222222222216,0.1286086111111109,0.001388888888888889,0.8708333333333333,0.0125
JacksoNickerson,0.0535,0.725,0.22175,0.453925,0.0,0.75,0.0
JamesDiPane,0.0830888888888889,0.8181333333333333,0.09879999999999997,0.028795555555555543,0.0,0.9444444444444444,0.0
JamesMRoberts3,0.06961967213114753,0.798419672131148,0.13197704918032785,0.15703311475409834,0.003278688524590164,0.8688524590163934,0.003278688524590164
Jamesgattuso,0.077472299168975,0.846943213296399,0.07557063711911365,-0.0021855955678670384,0.0,0.9404432132963989,0.0
JanineBrown85,0.10458552631578943,0.7142500000000013,0.1811907894736843,0.06159539473684218,0.0,0.7631578947368421,0.0
JayCShambaugh,0.06303275332650976,0.8213121801432953,0.1156407369498466,0.1866821903787104,0.0,0.9641760491299898,0.0010235414534288639
JayCostTWS,0.072,0.8288571428571428,0.09914285714285713,-0.061771428571428554,0.0,0.8571428571428571,0.14285714285714285
Jbarofsky,0.06765400843881857,0.8103544303797466,0.12199999999999997,0.1365987341772152,0.0,0.919831223628692,0.004219409282700422
JeffEisenach,0.0777783075089393,0.791907032181168,0.13030154946364716,0.1348162097735399,0.003575685339690107,0.8855780691299165,0.00834326579261025
Jenkinsbd,0.04497314578005117,0.7916777493606132,0.16334398976982079,0.2918840153452685,0.0,0.8900255754475703,0.010230179028132993
JennyPerlman,0.030561904761904783,0.8460402116402115,0.12339894179894167,0.2933720634920638,0.0,0.9756613756613757,0.0010582010582010583
JimGoldgeier,0.07425416666666665,0.7948986111111112,0.13085416666666672,0.11863694444444427,0.0,0.9069444444444444,0.013888888888888888
JimPethokoukis,0.07644563918757467,0.8204348864994023,0.10311469534050176,0.07511744324970121,0.0011947431302270011,0.9044205495818399,0.0011947431302270011
JimWeidman1,0.048773299748110836,0.8435869017632246,0.10764231738035267,0.10938413098236768,0.0,0.8942065491183879,0.015113350125944584
Jim_Harper,0.07267197062423503,0.8163488372093024,0.11098531211750311,0.09823659730722155,0.0,0.9228886168910648,0.0036719706242350062
Jmeservey,0.1007313131313131,0.8012646464646466,0.09800202020202024,-0.017710101010101006,0.0,0.9515151515151515,0.00202020202020202
JohnDVillasenor,0.04469444444444445,0.8688148148148146,0.08649074074074077,0.10859166666666661,0.0,0.9444444444444444,0.0
JohnJHudak,0.06947039473684215,0.8247839912280687,0.10574013157894738,0.11521151315789456,0.0010964912280701754,0.944078947368421,0.0010964912280701754
John_Bailey,0.03650545851528384,0.8383056768558946,0.12518886462882084,0.2645100436681225,0.001091703056768559,0.9530567685589519,0.0032751091703056767
John_C_Austin,0.041174840085287844,0.8091343283582083,0.14970895522388053,0.3768113006396579,0.0,0.9669509594882729,0.0010660980810234541
JonValant,0.06035632183908046,0.8060862068965516,0.13358045977011487,0.18573160919540233,0.0,0.9482758620689655,0.005747126436781609
JonahDispatch,0.08307692307692312,0.7956717032967034,0.12124725274725288,0.08397568681318673,0.0013736263736263737,0.8914835164835165,0.005494505494505495
JosephBFuller,0.06482578046324267,0.805791540785498,0.12937462235649544,0.19969204431017118,0.0,0.9254783484390735,0.0
JoshGotbaum,0.07769579288025888,0.8055188781014031,0.11680474649406676,0.10494412081984886,0.0010787486515641855,0.9374325782092773,0.0010787486515641855
JoshuaPMeltzer,0.06415178571428572,0.8311339285714288,0.10475892857142856,0.14254375,0.008928571428571428,0.9642857142857143,0.0
JuliaGillard,0.04157074340527579,0.77015107913669,0.1882877697841726,0.4643362110311751,0.0,0.9088729016786571,0.0
KBStevens,0.048570043103448285,0.8032726293103448,0.14815517241379317,0.2274992456896553,0.0,0.8857758620689655,0.009698275862068966
KPethiyagoda,0.100749718151071,0.7837756482525364,0.1154937993235627,0.009261217587373163,0.002254791431792559,0.887260428410372,0.004509582863585118
KathyandRo1,0.032109725685785545,0.7727655860349131,0.1951346633416458,0.4471132169576063,0.0,0.8703241895261845,0.00997506234413965
KatieZimmerman,0.09077474402730379,0.8345494880546078,0.0747098976109215,-0.04654266211604096,0.0034129692832764505,0.962457337883959,0.0034129692832764505
KatrinaTrinko,0.07659403669724764,0.8014323394495405,0.12198165137614675,0.12238291284403655,0.0011467889908256881,0.911697247706422,0.0034403669724770644
KayColesJames,0.05684210526315789,0.7690789473684211,0.17405263157894738,0.36369210526315787,0.0,0.8947368421052632,0.02631578947368421
KazisRichard,0.05453333333333335,0.744972222222222,0.20050555555555552,0.3098872222222222,0.0,0.7944444444444444,0.03888888888888889
Kemal_Dervis,0.04388235294117646,0.8538294117647056,0.10228823529411768,0.12707000000000002,0.0,0.9529411764705882,0.0
KevDesouza,0.014583333333333334,0.8434861111111112,0.1419027777777777,0.35867222222222217,0.0,0.9305555555555556,0.0
KironSkinner,0.04045170454545457,0.8343636363636364,0.12518465909090906,0.21894076704545495,0.0014204545454545455,0.9275568181818182,0.002840909090909091
KoriSchake,0.07425813449023873,0.7861724511930578,0.13956182212581342,0.1939890455531451,0.0,0.9295010845986985,0.0010845986984815619
LamarPierce1,0.0647467948717949,0.7793108974358981,0.15596153846153843,0.24973141025641005,0.0,0.8942307692307693,0.016025641025641024
LandrySigne,0.0288441926345609,0.8224150141643052,0.1487407932011331,0.3540647308781869,0.0,0.9475920679886686,0.007082152974504249
LeeWEdwards,0.07848979591836736,0.7928367346938777,0.1286530612244898,0.17170408163265305,0.0,0.9795918367346939,0.0
LewMilford,0.03144757433489827,0.8468998435054773,0.12165727699530524,0.18917840375586842,0.0,0.9327073552425665,0.0
LouiseFox_econ,0.042333333333333334,0.7932222222222222,0.16444444444444445,0.2904666666666667,0.0,0.8888888888888888,0.0
LukeDCoffey,0.1075625,0.7465625,0.1458125,-0.009524999999999985,0.0,0.8125,0.0
LynneVCheney,0.012828947368421054,0.9328684210526316,0.05428947368421053,0.11516315789473686,0.0,0.9736842105263158,0.0
MCAmselem,0.08807134637514379,0.8018216340621404,0.11010586881472952,0.052534752589183,0.0,0.9090909090909091,0.0023014959723820483
MEaglen,0.06224229074889874,0.8407676211453741,0.09699669603524219,0.0891305066079294,0.0011013215859030838,0.9625550660792952,0.004405286343612335
MJGillespieinNJ,0.06586486486486486,0.7497297297297297,0.1842972972972973,0.27558108108108115,0.0,0.8108108108108109,0.02702702702702703
MadihaAfzal,0.08208342480790334,0.8241997804610339,0.09373655323819978,0.009950164654226136,0.0,0.9418221734357849,0.005488474204171241
MaiyaCl,0.07079104477611939,0.7903731343283583,0.1388208955223881,0.13066865671641784,0.0,0.8805970149253731,0.014925373134328358
MaloneySuzanne,0.10444157303370796,0.8011808988764046,0.09437303370786523,-0.054023370786516874,0.0022471910112359553,0.9382022471910112,0.0044943820224719105
MarcelaEscobari,0.053680000000000005,0.83068,0.11560000000000001,0.26539199999999996,0.0,1.0,0.0
MarekGootman,0.02597435897435898,0.8807179487179487,0.09330769230769231,0.16956538461538467,0.0,1.0,0.0
MargLTaylor,0.06267278989667044,0.8479368541905842,0.08938691159586679,0.06789988518943742,0.0,0.9575200918484501,0.003444316877152698
Mark_J_Perry,0.08923803967327894,0.8234189031505257,0.08735355892648787,-0.01012077012835474,0.002333722287047841,0.9393232205367561,0.0011668611435239206
MarshallJenA,0.061233502538071125,0.7953269035533004,0.14343350253807102,0.1679477157360406,0.0,0.8467005076142132,0.007106598984771574
MarvinKalb,0.09872552783109405,0.7354779270633394,0.16577735124760057,0.1301468330134356,0.0,0.8119001919385797,0.013435700575815739
MasonMBishop,0.0937814569536423,0.7809282560706404,0.12529028697571723,0.03296644591611478,0.0,0.8653421633554084,0.01545253863134658
MattHJensen,0.03968571428571429,0.8438628571428576,0.11648000000000008,0.2402691428571429,0.0,0.9485714285714286,0.0
MaysaJalbout,0.05008071748878924,0.7767174887892374,0.17320179372197309,0.35159775784753344,0.0,0.8878923766816144,0.008968609865470852
Melanie_Israel,0.07033916083916084,0.803132867132868,0.12653613053613058,0.13832727272727263,0.0011655011655011655,0.9020979020979021,0.005827505827505828
MichaelBarone,0.08790425531914889,0.8312244680851076,0.08087765957446807,-0.006780531914893619,0.0,0.9031914893617021,0.0010638297872340426
MichaelEOHanlon,0.07537942477876108,0.7730331858407073,0.15159845132743371,0.16868960176991127,0.0011061946902654867,0.8373893805309734,0.00995575221238938
MichaelRStrain,0.057592982456140356,0.8319508771929829,0.11048421052631577,0.16229894736842104,0.0035087719298245615,0.9403508771929825,0.0035087719298245615
MichalGW,0.03331854838709678,0.8132096774193546,0.1534758064516128,0.3209080645161288,0.0,0.8991935483870968,0.020161290322580645
MollyKinder,0.0568170011806375,0.7871393152302228,0.15603778040141678,0.2849870129870131,0.0,0.9090909090909091,0.01770956316410862
MollyMontgomery,0.06093817204301078,0.7904919354838711,0.14855376344086021,0.22456451612903225,0.0,0.9193548387096774,0.002688172043010753
Mr_Jamie_B_Hall,0.061909465020576135,0.8334485596707825,0.10462962962962964,0.09867613168724282,0.0,0.934156378600823,0.0
Mukherjee_Anit,0.04695016611295682,0.7791306755260247,0.17392137320044315,0.32212070874861615,0.0,0.8903654485049833,0.017718715393133997
NOIweala,0.03940829694323143,0.7980524017467246,0.16253930131004352,0.3716255458515292,0.0,0.9093886462882096,0.004366812227074236
NickStolzfuReal,0.10222363847045197,0.8066176129779842,0.09116454229432219,-0.061707647740440325,0.0,0.9119351100811124,0.0034762456546929316
NiconomistLoris,0.04148913043478262,0.834641304347826,0.12385869565217397,0.1943923913043477,0.0,0.9239130434782609,0.0
NileGardiner,0.08598238341968904,0.7875854922279794,0.12643834196891188,0.11726694300518148,0.0,0.8911917098445595,0.002072538860103627
NohaAboueldahab,0.09088915956151032,0.801187576126675,0.10791230207064562,0.01054250913520099,0.0,0.9098660170523751,0.0048721071863581
NormEisen,0.09225698324022343,0.8086201117318448,0.09910055865921784,0.004372067039106161,0.0011173184357541898,0.9318435754189944,0.004469273743016759
NormOrnstein,0.11895762711864415,0.7816631355932204,0.09936228813559325,-0.10995826271186444,0.0,0.8792372881355932,0.00423728813559322
OliviaEnos,0.05414185228604922,0.8063411488862834,0.13951934349355205,0.20615416178194615,0.0,0.9214536928487691,0.01406799531066823
PaoloGentiloni,0.020807086614173232,0.9320531496062989,0.04713779527559057,0.08297559055118116,0.0,0.9901574803149606,0.0
PatrickTyrrell1,0.10535928143712578,0.776305389221557,0.11829940119760472,0.05348862275449107,0.0,0.9221556886227545,0.005988023952095809
Paulwolfowitz,0.11139954853273133,0.8339638826185105,0.054643340857787825,-0.11753115124153504,0.002257336343115124,0.873589164785553,0.002257336343115124
PeterContiBrown,0.07220261437908491,0.7957766884531589,0.13202505446623097,0.16393104575163409,0.0010893246187363835,0.920479302832244,0.002178649237472767
Pozen,0.04103083109919569,0.843856568364611,0.1151085790884719,0.17624705093833756,0.0,0.935656836461126,0.005361930294906166
ProfDanielLyons,0.07089505428226775,0.8109601930036193,0.11814837153196615,0.10545826296743066,0.0,0.9252110977080821,0.008443908323281062
ProfSaunders,0.055416279069767434,0.7963488372093019,0.14822558139534886,0.23501883720930214,0.002325581395348837,0.8883720930232558,0.011627906976744186
ProfTalmadge,0.08232978723404252,0.7900930851063832,0.12758776595744678,0.08640531914893615,0.0,0.9361702127659575,0.007978723404255319
ProfessorKaren,0.0706107382550335,0.8300228187919467,0.09935033557046972,0.07387999999999997,0.0,0.9463087248322147,0.006711409395973154
RameshPonnuru,0.07461791383219961,0.821839002267573,0.10352721088435377,0.06715056689342402,0.0,0.9297052154195011,0.003401360544217687
RanjAlaaldin,0.08186100386100388,0.8130810810810806,0.10504247104247107,0.01216293436293436,0.0,0.9420849420849421,0.003861003861003861
RebeccaWexler,0.05966846361185984,0.7265498652291106,0.21376549865229097,0.2972110512129377,0.0,0.7520215633423181,0.0215633423180593
RichardMNephew,0.08758789062499993,0.799255859375,0.11316601562499999,0.033763476562500006,0.00390625,0.921875,0.001953125
RichardvReeves,0.05257266811279822,0.8393980477223423,0.10804772234273315,0.1718774403470716,0.0,0.9663774403470716,0.0010845986984815619
RickDuke1,0.08124869565217388,0.8118069565217392,0.10693217391304348,0.07217652173913039,0.0,0.9460869565217391,0.0017391304347826088
RobertBluey,0.06162167906482466,0.8258108395324125,0.1125409139213601,0.16603347502656718,0.0,0.9383634431455898,0.003188097768331562
RobertDoar,0.03284146341463415,0.7972439024390243,0.16989024390243904,0.36977439024390246,0.0,0.926829268292683,0.0
RobinSimcox,0.1039181818181818,0.7921352272727278,0.10393863636363634,-0.045085795454545476,0.0011363636363636363,0.8886363636363637,0.010227272727272727
RogerBate3,0.12442857142857143,0.8133571428571429,0.062142857142857146,-0.23057142857142857,0.0,1.0,0.0
Rominaboccia,0.081004132231405,0.8101280991735534,0.10883884297520663,0.11443016528925626,0.004132231404958678,0.9545454545454546,0.0
RoslynLayton,0.04905108695652175,0.8409000000000001,0.11003260869565208,0.21566163043478281,0.0,0.975,0.0
RossHammondSF,0.09520270270270274,0.8074009009009007,0.09740090090090092,0.008048873873873869,0.0022522522522522522,0.9346846846846847,0.0
RuthMarcus,0.07838297872340426,0.7867999999999995,0.13481914893617017,0.14728978723404262,0.002127659574468085,0.8851063829787233,0.00851063829787234
RyanBergPhD,0.0836611111111111,0.8284099999999994,0.08791222222222218,-0.012565666666666671,0.0,0.9622222222222222,0.0011111111111111111
RyanTAnd,0.05178838174273858,0.8230663900414935,0.12514937759336103,0.21492074688796683,0.0,0.9336099585062241,0.004149377593360996
SHeydemann,0.11804575163398694,0.8082091503267973,0.0737592592592593,-0.1265555555555557,0.0,0.920479302832244,0.0010893246187363835
S_R_Anders,0.08540864864864864,0.828350270270271,0.08623351351351355,-0.030345513513513493,0.0,0.972972972972973,0.001081081081081081
SamuelAbramsAEI,0.0434757033248082,0.7763580562659849,0.18016624040920712,0.3962925831202048,0.0,0.9232736572890026,0.0076726342710997444
SasserModestino,0.04042922374429225,0.8279162861491631,0.13165144596651443,0.30281019786910196,0.0,0.9649923896499238,0.0030441400304414
ScottGottliebMD,0.04156871035940804,0.862980972515856,0.09543868921775889,0.2041674418604652,0.0,0.9820295983086681,0.0021141649048625794
SeanTrende,0.0686681715575621,0.8227629796839734,0.10856546275395053,0.10144108352144449,0.001128668171557562,0.9255079006772009,0.002257336343115124
ShamikaRavi,0.0477372353673724,0.8328929016189297,0.1193686176836862,0.2218621419676215,0.0012453300124533001,0.9526774595267746,0.0012453300124533001
ShaneTews,0.0474406779661017,0.8328273305084747,0.11971398305084757,0.2282748940677968,0.0,0.951271186440678,0.0031779661016949155
ShibleyTelhami,0.10524559471365635,0.8184019823788553,0.07637224669603523,-0.09540462555066072,0.0,0.9460352422907489,0.004405286343612335
ShivshankaMenon,0.04981288981288979,0.8348212058212056,0.11537006237006235,0.17724636174636182,0.0,0.9438669438669439,0.010395010395010396
SitaSlavov,0.05212765957446808,0.82831914893617,0.1195531914893617,0.18004255319148935,0.0,0.9361702127659575,0.0
SociologistRay,0.06917707150964811,0.8275732122587965,0.10324404086265608,0.06950646992054477,0.0022701475595913734,0.9330306469920545,0.004540295119182747
SongweVera,0.022574626865671646,0.8554530916844353,0.12196908315565033,0.3318415778251599,0.0,0.9573560767590619,0.0042643923240938165
StephenMoore,0.0840635593220339,0.8037838983050841,0.11215148305084736,0.06254936440677956,0.0,0.9078389830508474,0.0
Susan_Hennessey,0.0984243792325058,0.8205553047404066,0.08101354401805863,-0.07064920993227994,0.0,0.9571106094808126,0.0
TPCarney,0.08519895287958111,0.8207316753926699,0.09407198952879572,-0.00015615183246074052,0.0,0.9044502617801047,0.003926701570680628
Tamar_Istanbul,0.05215659679408139,0.8222342786683104,0.12560789149198529,0.16834340320591845,0.002466091245376079,0.906288532675709,0.006165228113440197
TarikYousef,0.0,0.9528571428571428,0.047142857142857146,0.10314285714285713,0.0,1.0,0.0
TawannaABlack,0.05360878661087867,0.7723410041841005,0.17405648535564855,0.30706192468619264,0.0,0.8702928870292888,0.012552301255230125
TimothyDoescher,0.08974193548387098,0.7770483870967743,0.13324193548387095,0.11383064516129035,0.016129032258064516,0.9354838709677419,0.0
TomJipping,0.06309731543624159,0.8765637583892618,0.06033221476510063,-0.019694966442953023,0.0,0.9798657718120806,0.0
TomRosenstiel,0.046163215590743004,0.7828818514007313,0.17096711327649222,0.3000209500609017,0.001218026796589525,0.8489646772228989,0.025578562728380026
TomSpoehr,0.05612,0.8023199999999997,0.14156000000000005,0.17541200000000004,0.0,0.96,0.0
TuranKayaoglu,0.07045344129554654,0.8462307692307693,0.083331983805668,0.02839959514170044,0.0,0.9190283400809717,0.0
VFelbabBrown,0.10982300884955744,0.8013318584070794,0.08886504424778771,-0.11758174778761069,0.0011061946902654867,0.9380530973451328,0.007743362831858407
WSPWH,0.01499210526315789,0.843792105263158,0.14121315789473687,0.3033310526315788,0.0,0.9447368421052632,0.0
WalteRiley,0.05826101694915253,0.8489875706214685,0.0927468926553673,0.08543536723163847,0.0,0.9593220338983051,0.0
WalterLohman,0.06779012345679011,0.8004365881032554,0.1317890011223344,0.18864792368125666,0.0,0.9270482603815937,0.003367003367003367
WarwickMcKibbin,0.07449735449735446,0.8428253968253967,0.08269841269841274,-0.000644973544973545,0.0,0.9629629629629629,0.0
Wdrozdiak,0.0295,0.8407678571428573,0.12976785714285713,0.3061767857142857,0.0,0.9107142857142857,0.017857142857142856
WilcoxNMP,0.07547106481481482,0.8194502314814813,0.10506481481481483,0.08037847222222222,0.0,0.9375,0.004629629629629629
WilliamGale2,0.10342212189616268,0.7917528216704287,0.10480361173814894,-0.018677200902934517,0.001128668171557562,0.9018058690744921,0.007900677200902935
WitneySchneid,0.01682142857142857,0.7657857142857142,0.21739285714285714,0.40230714285714286,0.0,0.8571428571428571,0.03571428571428571
YAbouzzohour,0.07001152737752166,0.8588703170028815,0.07108357348703168,-0.017123631123919306,0.0,0.9423631123919308,0.002881844380403458
ZachVertin,0.02751558073654391,0.8616402266288947,0.11083852691218135,0.2890076487252123,0.0,0.9631728045325779,0.0
ZackCooper,0.05877173913043476,0.8197101449275361,0.12153260869565218,0.20944492753623178,0.0,0.9601449275362319,0.0
Zovatto55,0.03280425531914894,0.951332978723404,0.01586170212765958,-0.0821712765957445,0.0,0.9946808510638298,0.0
_MiaSwart,0.09853975363941765,0.8051119820828675,0.09634042553191488,-0.032358230683090766,0.0,0.9126539753639418,0.0022396416573348264
adamjwhitedc,0.056178414096916277,0.8207323788546249,0.12309691629955948,0.18416640969162998,0.0,0.9394273127753304,0.003303964757709251
adamnmichel,0.07708379272326353,0.81090407938258,0.11200661521499454,0.09619922822491724,0.0,0.9228224917309813,0.0
aganimian,0.022756845564074476,0.8591818181818178,0.11806571741511497,0.28182552026287006,0.0,0.9353778751369113,0.009857612267250822
aidthoughts,0.061310010764262644,0.834109795479009,0.10460064585575882,0.13698514531754571,0.0,0.9483315392895587,0.002152852529601722
akfreedom,0.0599460674157303,0.7987853932584278,0.1412786516853932,0.23447685393258424,0.0011235955056179776,0.9157303370786517,0.0011235955056179776
akhandelwal8,0.037,0.8906666666666667,0.07233333333333333,0.1408047619047619,0.0,1.0,0.0
amy_liuw,0.05520161290322582,0.8085779569892476,0.13622043010752688,0.2521416666666667,0.0,0.9408602150537635,0.002688172043010753
ana_r_quintana,0.08200953516090587,0.785386174016686,0.13259952324195476,0.09209129916567342,0.0,0.866507747318236,0.003575685339690107
analerevenga,0.0776474820143885,0.8072074340527563,0.1151486810551558,0.0634713429256595,0.001199040767386091,0.8872901678657075,0.008393285371702638
ananthkrishnan,0.05672967032967034,0.8431296703296707,0.10015164835164846,0.1008180219780219,0.0,0.9494505494505494,0.013186813186813187
andreperryedu,0.06412655367231636,0.8214406779661021,0.11443841807909622,0.11778779661016958,0.0011299435028248588,0.9412429378531073,0.007909604519774011
andrewpmcindoe,0.04903156708004513,0.81935963923337,0.13160766629086806,0.19243810597519748,0.0,0.9075535512965051,0.005636978579481398
andyolivastro,0.06152451539338653,0.8017970353477774,0.1366522234891675,0.2081273660205246,0.002280501710376283,0.9030786773090079,0.00798175598631699
annelies_goger,0.07326422764227643,0.8076463414634144,0.11910772357723577,0.15827642276422765,0.0,0.9410569105691057,0.0020325203252032522
anthonypipa,0.03262906504065041,0.7998546747967468,0.16750609756097556,0.39927845528455297,0.0,0.9237804878048781,0.00508130081300813
arkroeber,0.06733333333333333,0.8543809523809526,0.07823809523809523,0.10759999999999999,0.0,1.0,0.0
arneduncan,0.08466214689265526,0.7552079096045204,0.16012316384180783,0.18365977401129951,0.0011299435028248588,0.8553672316384181,0.011299435028248588
arthurbrooks,0.06166232227488154,0.7559549763033179,0.18238981042654057,0.304871682464455,0.0,0.8293838862559242,0.022511848341232227
ben_ippolito,0.05818211920529804,0.8134172185430466,0.12840728476821192,0.22489403973509928,0.0,0.9470198675496688,0.0
benjaminwittes,0.05319498607242335,0.836708913649026,0.11010724233983288,0.14446727019498593,0.0,0.9261838440111421,0.004178272980501393
berubea1,0.06069580419580417,0.8130046620046628,0.12629254079254082,0.1837273892773892,0.0,0.9289044289044289,0.004662004662004662
biggsag,0.06455000000000002,0.8237618421052629,0.11166973684210516,0.16798131578947362,0.0,0.9657894736842105,0.002631578947368421
bl_hardy,0.045274074074074064,0.7688314814814817,0.1858851851851852,0.2889235185185188,0.001851851851851852,0.8185185185185185,0.02962962962962963
bridgettwagner,0.07819589977220963,0.7939498861047845,0.1278564920273348,0.13834088838268782,0.0,0.9134396355353075,0.002277904328018223
call4pax,0.08561184210526314,0.7754144736842106,0.1389671052631579,0.12481315789473683,0.0,0.8758169934640523,0.006535947712418301
celiabelin,0.04849684210526316,0.8670263157894739,0.08447052631578947,0.11264505263157903,0.002105263157894737,0.968421052631579,0.0
cgbrookings,0.09116535433070866,0.755938132733407,0.15291338582677158,0.10028582677165342,0.0,0.8335208098987626,0.015748031496062992
charlesmurray,0.052284482758620715,0.8383596059113297,0.10935467980295573,0.15328903940886673,0.0024630541871921183,0.9211822660098522,0.0024630541871921183
chrismeserole,0.07136373626373627,0.7784593406593411,0.15018791208791218,0.1804164835164833,0.001098901098901099,0.8824175824175824,0.00989010989010989
clinkeyoung,0.0539753086419753,0.8402308641975309,0.10580123456790125,0.1343377777777777,0.0,0.9444444444444444,0.0012345679012345679
constantinox,0.039997727272727254,0.8062886363636365,0.15370795454545452,0.3211869318181819,0.0,0.9102272727272728,0.0125
continetti,0.07747692307692304,0.8415569230769235,0.0809476923076923,0.02847107692307692,0.0,0.9415384615384615,0.003076923076923077
criticalthreats,0.07545464135021099,0.8552056962025314,0.06933649789029547,-0.034638080168776335,0.0,0.9767932489451476,0.0
dandrezner,0.09531695906432751,0.8136526315789478,0.09104561403508768,-0.03246654970760231,0.0,0.928654970760234,0.004678362573099415
danidoane,0.08555056179775279,0.7935056179775283,0.12092134831460677,0.035743820224719114,0.0,0.8764044943820225,0.0
dankochis,0.08126333333333327,0.8222288888888886,0.09651777777777774,0.04659299999999999,0.0011111111111111111,0.9322222222222222,0.0022222222222222222
dany_bahar,0.0513982843137255,0.8214901960784325,0.1271262254901961,0.19845551470588202,0.0012254901960784314,0.9252450980392157,0.004901960784313725
darenbakst,0.08383802816901406,0.8097852112676054,0.10634154929577469,0.08410669014084513,0.0,0.9507042253521126,0.0
datcummings,0.05312337662337663,0.8189610389610392,0.127961038961039,0.18105,0.0,0.9415584415584416,0.0
davidmwessel,0.05226834611171961,0.8788433734939757,0.0689167579408543,0.04882836801752466,0.0,0.9737130339539978,0.001095290251916758
davidrdollar,0.06592832764505119,0.8402366325369734,0.09383731513083056,0.05299146757679179,0.0,0.9385665529010239,0.0011376564277588168
daynamatthew3,0.0914373626373626,0.767725274725275,0.14084835164835163,0.1114789010989011,0.002197802197802198,0.8637362637362638,0.01098901098901099
dbyman,0.1289666666666667,0.7625666666666667,0.10850000000000003,-0.11096666666666667,0.0,0.9,0.0
dcjretiresecure,0.056778006166495365,0.8230739979445021,0.12013566289825266,0.19758448098663928,0.0010277492291880781,0.9455292908530318,0.0041109969167523125
dcoxpolls,0.0536318897637795,0.82938779527559,0.11699409448818894,0.17115492125984233,0.0,0.9291338582677166,0.001968503937007874
delislealleges,0.06755333333333334,0.8354177777777781,0.09704666666666678,0.09984755555555555,0.0022222222222222222,0.9733333333333334,0.0
dhume,0.08275406283856976,0.7924214517876474,0.12482773564463699,0.10516522210184165,0.0,0.9241603466955579,0.0032502708559046588
dortegaeval,0.023352187833511208,0.9467588046958377,0.02989327641408751,0.021081536819637137,0.0010672358591248667,0.9861259338313767,0.0
douglasharris99,0.07273684210526316,0.8041578947368421,0.12305263157894734,0.13120000000000004,0.0,0.9473684210526315,0.05263157894736842
dougrediker,0.08317040358744394,0.8062107623318386,0.11062107623318401,0.05945369955156952,0.002242152466367713,0.9271300448430493,0.0011210762331838565
dpb4psu,0.0416875,0.7860625,0.17218750000000002,0.24541875000000002,0.0,0.875,0.0
dpletka,0.09562240184757503,0.8125265588914555,0.09185219399538094,-0.027863048498845314,0.0023094688221709007,0.9122401847575058,0.003464203233256351
drj_policy,0.05090958019375675,0.8224800861141016,0.1266071044133477,0.17898245425188383,0.0,0.9128094725511302,0.004305705059203444
drturnerlee,0.03826123936816526,0.7972272174969629,0.16452004860267325,0.2698787363304984,0.0,0.8712029161603888,0.019441069258809233
dwschanz,0.07631074035453593,0.7925881126173092,0.13109489051094883,0.14479207507820638,0.0,0.9207507820646507,0.004171011470281543
e_viramontes,0.05545031712473571,0.8996321353065537,0.04491331923890062,-0.03361902748414374,0.0,0.9746300211416491,0.0021141649048625794
econsarahreber,0.06900816802800468,0.8050735122520417,0.12592298716452738,0.1553582263710619,0.0,0.9159859976662778,0.005834305717619603
eduardoyeyati,0.04781572164948456,0.9342628865979381,0.017918814432989698,-0.1022975515463918,0.0,0.9832474226804123,0.0
ejbelasco,0.040027649769585255,0.8214608294930876,0.13850921658986168,0.24433225806451567,0.0,0.9101382488479263,0.009216589861751152
ekneebone,0.06984654731457798,0.8218797953964192,0.10828132992327365,0.09646368286445009,0.0,0.928388746803069,0.0025575447570332483
elgindy_,0.09324798154555944,0.8201164936562866,0.0866470588235294,-0.05333921568627455,0.0,0.9515570934256056,0.0011534025374855825
elizkmann,0.048007092198581576,0.8259627659574469,0.12603191489361695,0.18956063829787212,0.0017730496453900709,0.9273049645390071,0.010638297872340425
eosnos,0.05810050251256286,0.8025929648241201,0.13931658291457286,0.16036344221105514,0.0,0.8768844221105527,0.01256281407035176
gandhisahil,0.06346178686759951,0.8447416576964476,0.09180193756727661,0.08897653390742723,0.0,0.9547900968783638,0.002152852529601722
gburtless,0.07657792207792213,0.8056872294372296,0.11772402597402601,0.13044794372294347,0.0010822510822510823,0.9372294372294372,0.0
genevievewood,0.07152850356294531,0.8003776722090256,0.12807957244655577,0.14860368171021365,0.0011876484560570072,0.9049881235154394,0.00831353919239905
geoffreygertz,0.057360893854748594,0.8323955307262564,0.11023575418994414,0.20199620111731836,0.0,0.9787709497206704,0.0022346368715083797
giovDM,0.057910714285714295,0.8384642857142854,0.10358928571428568,0.11122321428571431,0.0,0.9642857142857143,0.0
hmroff,0.0735242603550296,0.821009467455621,0.10546035502958578,0.07978556213017744,0.0,0.9159763313609467,0.0035502958579881655
htrinkunas,0.054389952153110044,0.8172846889952157,0.12834210526315798,0.18783540669856444,0.0,0.930622009569378,0.014354066985645933
huminchina,0.05652216748768474,0.843714285714286,0.09974384236453204,0.0742689655172414,0.0,0.916256157635468,0.0049261083743842365
indigenalysis,0.052513853904282135,0.7947657430730483,0.15272292191435766,0.23609445843828727,0.0025188916876574307,0.8866498740554156,0.020151133501259445
isawhill,0.06215891891891894,0.8032151351351348,0.13462702702702706,0.22027005405405423,0.0,0.9221621621621622,0.002162162162162162
ivanastradner,0.0852421052631579,0.8267789473684207,0.08795789473684212,-0.005655789473684214,0.0,0.9473684210526315,0.010526315789473684
jasonlevitis,0.052718446601941735,0.8284789644012946,0.11880582524271845,0.18997864077669885,0.0,0.9611650485436893,0.0
javiersolana,0.04902471910112364,0.9042348314606745,0.046744943820224705,-0.01118078651685394,0.0,0.9707865168539326,0.0022471910112359553
jeff_ball,0.03887444933920704,0.8512048458149777,0.10992400881057272,0.17744295154185022,0.0,0.947136563876652,0.003303964757709251
jennifermharris,0.07194324631101019,0.8161044267877403,0.11195005675368896,0.09994177071509641,0.0,0.9182746878547106,0.004540295119182747
jenny_schuetz,0.05197961373390559,0.8120590128755371,0.13595278969957061,0.2478714592274679,0.0,0.927038626609442,0.004291845493562232
jerry_jtaylor,0.08896196868008942,0.7959709172259506,0.1150682326621924,0.05609709172259497,0.0011185682326621924,0.9138702460850112,0.006711409395973154
jesus_leal,0.03587031700288184,0.8853170028818443,0.07879538904899133,0.10081613832853031,0.0,0.9654178674351584,0.0
jkirchick,0.06816793893129773,0.8460076335877863,0.08585496183206111,0.006219847328244281,0.0,0.9236641221374046,0.0
jmclaughlinSAIS,0.08358711217183777,0.7883699284009555,0.12802863961813835,0.09858353221957034,0.0,0.8985680190930787,0.010739856801909307
jmorrisjr,0.010444444444444444,0.764888888888889,0.22455555555555554,0.44776666666666665,0.0,0.8888888888888888,0.0
joeantos,0.07411554621848741,0.8413844537815129,0.08450210084033616,0.0253516806722689,0.0,0.957983193277311,0.0
joelgriffith,0.08770797413793105,0.794253232758621,0.11803663793103444,0.08259234913793112,0.0,0.9288793103448276,0.004310344827586207
joeparilla,0.036714754098360655,0.8212459016393443,0.14202622950819677,0.31827934426229487,0.0,0.9540983606557377,0.003278688524590164
jon_rauch,0.07539459459459458,0.8019891891891887,0.12259999999999997,0.11494729729729725,0.0,0.9297297297297298,0.002702702702702703
jonmladd,0.08328220140515231,0.814467213114754,0.1022330210772833,0.05203665105386411,0.0,0.9215456674473068,0.00351288056206089
jordosh,0.06840879120879122,0.8585296703296703,0.07306373626373626,0.033103736263736284,0.0,0.9406593406593406,0.0
joshuatwhite,0.04870010905125409,0.8234732824427478,0.12781570338058876,0.24220523446019662,0.0,0.9531079607415486,0.004362050163576881
jroii,0.028063364055299536,0.799653225806452,0.1722880184331794,0.3713774193548388,0.0,0.8755760368663594,0.00576036866359447
jtrothwell,0.06322727272727274,0.8019404761904754,0.13482900432900438,0.25271255411255417,0.0,0.9426406926406926,0.006493506493506494
judy_chevalier,0.04461029411764707,0.8440710784313723,0.11132843137254908,0.18755147058823504,0.0,0.9485294117647058,0.0024509803921568627
junghpak1,0.03750551876379691,0.8291324503311255,0.13336644591611466,0.2772269315673289,0.0,0.9426048565121413,0.009933774834437087
just as great a threat to continuity of the social order as an anarchic desire for change.‚Äù,0.617,0.28800000000000003,0.8832,,1.0,0.0,1.0
justinwolfers,0.0847951807228916,0.8138514056224897,0.1013547523427042,0.016139892904953143,0.0,0.9236947791164659,0.002677376171352075
jvey1,0.02870503597122304,0.8276546762589911,0.14363908872901693,0.30250791366906526,0.0,0.9568345323741008,0.001199040767386091
jwc2g,0.061500000000000006,0.703,0.23550000000000001,0.08692499999999999,0.0,0.5,0.0
jwkane1,0.027526946107784438,0.8267604790419161,0.14574251497005988,0.4320628742514968,0.0,0.9820359281437125,0.0
jyshapiro,0.06934728506787331,0.8167070135746616,0.11394570135746597,0.11893947963800879,0.0,0.918552036199095,0.0011312217194570137
kaufpost,0.0419957671957672,0.868850793650794,0.0891470899470899,0.16152222222222212,0.0,0.9798941798941799,0.0010582010582010583
kaushikcbasu,0.05673089005235596,0.8360356020942404,0.10723350785340309,0.16137539267015713,0.0,0.9549738219895288,0.0031413612565445027
kavitapmd,0.0536876288659794,0.8127226804123715,0.1335835051546391,0.20500649484536088,0.0010309278350515464,0.9092783505154639,0.002061855670103093
kdd0211,0.06870370370370368,0.8197160493827159,0.1115884773662551,0.1267222222222223,0.0,0.9176954732510288,0.0
kdtenpas,0.0315,0.91365625,0.054843750000000004,0.04309062500000001,0.0,1.0,0.0
kearney_melissa,0.05541043083900227,0.8073877551020406,0.13719274376417237,0.2533909297052157,0.0,0.9331065759637188,0.005668934240362812
kemalkirisci,0.057057259713701416,0.7964212678936602,0.14650920245398782,0.24813353783231046,0.0,0.9202453987730062,0.0
keynesianr,0.06429084588644268,0.8097543453070678,0.12596176129779832,0.15795249130938557,0.0,0.9154113557358053,0.0034762456546929316
kimsmithholmes,0.07004904051172711,0.7955021321961607,0.1344520255863538,0.1760877398720682,0.0,0.906183368869936,0.0042643923240938165
kjacny,0.05352272727272727,0.8091590909090908,0.1373409090909091,0.20254772727272724,0.0,1.0,0.0
klonkitchen,0.07616089108910894,0.8021534653465334,0.12167450495049505,0.08695519801980178,0.0,0.9071782178217822,0.012376237623762377
kopalo,0.05567110036275701,0.8109250302297459,0.13340266021765412,0.18687859733978238,0.0,0.8972188633615478,0.016928657799274487
kpomerleau,0.08053429602888086,0.8099374247894104,0.10954392298435622,0.09026462093862805,0.0012033694344163659,0.9229843561973526,0.0048134777376654635
leah_boustan,0.05428326745718051,0.8226034255599476,0.12311989459815527,0.142628985507246,0.002635046113306983,0.8893280632411067,0.013175230566534914
lindseymburke,0.04188142707240292,0.8277103882476382,0.13041867785939104,0.26782381951731415,0.0,0.9569779643231899,0.005246589716684155
lindseywford,0.04227846674182637,0.7990766629086814,0.1586437429537769,0.3142753100338221,0.0,0.9120631341600902,0.009019165727170236
lohplaces,0.04726027397260277,0.8426575342465747,0.11007240704500987,0.18612270058708416,0.0,0.949119373776908,0.0
lora_ries,0.07804819277108432,0.8042499999999999,0.11769578313253004,0.08310813253012046,0.0,0.9216867469879518,0.006024096385542169
lsheiner,0.0390625,0.8680625000000001,0.0929375,0.10902499999999998,0.0,0.9375,0.0
malcolm_john,0.0462,0.7972289855072462,0.1565275362318841,0.2519304347826085,0.0,0.8579710144927536,0.011594202898550725
marcthiessen,0.0934447086801427,0.8072936979785974,0.09925564803804991,-0.004329726516052341,0.0,0.906064209274673,0.0035671819262782403
markfabianANU,0.07178819444444443,0.8077997685185191,0.12042708333333338,0.1575894675925925,0.0,0.9409722222222222,0.0
markmuro1,0.06142207792207794,0.825373376623376,0.11321212121212108,0.164244696969697,0.0,0.9642857142857143,0.0010822510822510823
marthahross,0.07180130293159609,0.8071986970684036,0.12104234527687298,0.16590488599348538,0.0,0.9511400651465798,0.006514657980456026
mattafiedler,0.0711780660377359,0.8314056603773579,0.09741273584905648,0.09879316037735839,0.0,0.9528301886792453,0.0
mcarthur,0.0342186495176849,0.8058681672025713,0.15991425509110388,0.3258894962486602,0.0,0.9078242229367631,0.006430868167202572
mcgovern,0.04513973799126636,0.7938034934497814,0.1610349344978166,0.24688296943231436,0.0,0.8427947598253275,0.017467248908296942
melissamoschell,0.08120000000000001,0.8305999999999999,0.0882,0.06134000000000002,0.0,1.0,0.0
melissarogers,0.04865384615384615,0.7602876254180602,0.19107525083612023,0.3949635451505018,0.0,0.8678929765886287,0.01839464882943144
mfullilove,0.04720289855072468,0.8509963768115946,0.10179347826086953,0.13867391304347815,0.0,0.9456521739130435,0.0024154589371980675
mhnickie,0.08725862068965518,0.7900114942528732,0.12274712643678165,0.09788333333333336,0.005747126436781609,0.896551724137931,0.0
michaelbd,0.10268528864059596,0.7989497206703914,0.09835195530726258,-0.02765474860335195,0.0,0.8994413407821229,0.0
mike_mazza,0.05836341463414637,0.8205756097560977,0.11984024390243901,0.1769804878048782,0.0,0.9329268292682927,0.004878048780487805
milenkanik,0.04583938393839385,0.8070869086908693,0.1470572057205721,0.2322779977997803,0.0011001100110011,0.8921892189218922,0.013201320132013201
mj_meaney,0.07368772348033376,0.8071573301549475,0.11915137067938016,0.12401740166865322,0.0,0.9261025029797377,0.003575685339690107
moffitt_robert,0.1061764705882353,0.7593529411764706,0.1345588235294118,0.08687058823529409,0.0,0.7941176470588235,0.0
mollyereynolds,0.03181132075471698,0.8789132075471695,0.08928301886792454,0.20009358490566026,0.0,0.9962264150943396,0.0
mrubin1971,0.0635478971962617,0.8783516355140195,0.05809112149532713,-0.023557710280373796,0.0,0.991822429906542,0.0
naomisriley,0.07030143540669857,0.8139808612440201,0.11572009569377986,0.11244449760765547,0.0,0.9330143540669856,0.007177033492822967
natansachs,0.061442982456140376,0.8493585526315776,0.08919956140350871,0.06569122807017541,0.0,0.9572368421052632,0.0010964912280701754
natehultman,0.0315042735042735,0.8522393162393151,0.11624786324786322,0.2868577991452995,0.0,0.9626068376068376,0.002136752136752137
natmalkus,0.048388042203985925,0.845109026963658,0.10649706916764358,0.18788276670574408,0.0,0.9542790152403282,0.0023446658851113715
niamyaraghi,0.08042904290429045,0.8050891089108914,0.11447854785478546,0.09127227722772273,0.0,0.9438943894389439,0.0033003300330033004
noralustig,0.04422051282051284,0.8828290598290595,0.07296923076923074,0.06144478632478631,0.0,0.9726495726495726,0.0
norbertjmichel,0.06827543679342238,0.8404470709146973,0.0912569373072969,0.08376310380267209,0.0,0.9434737923946557,0.0010277492291880781
ocanuto,0.06014773980154354,0.8781554575523699,0.061695700110253576,0.0014916207276736437,0.0,0.9691289966923925,0.0
omarrahman,0.08045117428924599,0.820666254635352,0.09887886279357234,0.013315822002472198,0.0,0.9320148331273177,0.002472187886279357
orrell_b,0.09366666666666677,0.7914289308176102,0.1149119496855346,0.030670440251572343,0.0012578616352201257,0.8729559748427673,0.005031446540880503
oscarecruz,0.016387931034482765,0.7816950431034484,0.2019105603448272,0.4106738146551723,0.0,0.8469827586206896,0.008620689655172414
osmastro,0.07091586538461533,0.7932091346153842,0.13585817307692305,0.19770985576923078,0.0,0.9254807692307693,0.0
otaspinar,0.054470649895178164,0.8931079664570232,0.05242557651991617,-0.007524109014675064,0.0010482180293501049,0.9549266247379455,0.0
parkersheppard,0.08734445640473627,0.8268762109795481,0.08577072120559746,0.018260387513455364,0.001076426264800861,0.9343379978471474,0.001076426264800861
patrickwquirk,0.054782258064516136,0.8040725806451612,0.14116129032258062,0.23552258064516127,0.0,0.9435483870967742,0.0
paulwinfree,0.05581477272727271,0.8329738636363629,0.11122613636363632,0.16347977272727263,0.0,0.9386363636363636,0.0022727272727272726
peterjwallison,0.099,0.727,0.174,0.3749,0.0,1.0,0.0
philliplohaus,0.07600690448791714,0.8081219792865362,0.11587456846950517,0.08277686996547745,0.0011507479861910242,0.9021864211737629,0.006904487917146145
piccone_ted,0.07270708154506446,0.8095107296137344,0.11778004291845484,0.10497199570815463,0.001072961373390558,0.9324034334763949,0.002145922746781116
pmandaville,0.03494273127753302,0.8358788546255504,0.12699339207048466,0.2624848017621145,0.0,0.9405286343612335,0.00881057268722467
profjensludwig,0.0972,0.8469999999999999,0.0558,-0.08266,0.0,1.0,0.0
rebeccawinthrop,0.02926243386243389,0.8430666666666674,0.12767619047619036,0.31565767195767225,0.0,0.9777777777777777,0.0010582010582010583
refocuspartners,0.04698504273504274,0.8051837606837597,0.14782478632478632,0.3362136752136752,0.0,0.9529914529914529,0.0010683760683760685
resourcesgal,0.0840934065934066,0.7928021978021977,0.12310989010989004,0.07706043956043954,0.0,0.8351648351648352,0.0
rfeinberg2012,0.06552765957446809,0.8395702127659573,0.0949063829787234,0.040088936170212766,0.00851063829787234,0.8723404255319149,0.01702127659574468
richardbushiii,0.08362153846153846,0.8278153846153843,0.08855692307692305,0.0115822564102564,0.0010256410256410256,0.9107692307692308,0.0
rickhess99,0.03643530701754384,0.835094298245615,0.1284660087719298,0.2830377192982457,0.0,0.9407894736842105,0.01206140350877193
rmdonahue,0.05527900552486187,0.8352762430939225,0.10944751381215473,0.13216933701657466,0.0,0.9419889502762431,0.0027624309392265192
rodneysampson,0.032350260416666665,0.8230794270833325,0.1445598958333343,0.36716796875000113,0.0,0.93359375,0.005208333333333333
rogernoriegaUSA,0.08789940828402372,0.8096106508875751,0.10248165680473367,0.021681775147929,0.0,0.9242603550295858,0.004733727810650888
rosanderic,0.07477624999999993,0.81179375,0.11340499999999988,0.12083524999999988,0.0,0.94875,0.0
rpuentes,0.03231300345224395,0.8611346375143842,0.106554660529344,0.2442584579976986,0.0,0.9643268124280783,0.0023014959723820483
rushdoshi,0.0633404255319149,0.8237872340425529,0.11288297872340433,0.13657836879432614,0.0,0.9432624113475178,0.0035460992907801418
ryandnunn,0.051004210526315784,0.8211621052631574,0.1278147368421053,0.23325052631578908,0.0,0.9326315789473684,0.00631578947368421
ryanl_hass,0.062388438133874256,0.8167860040567949,0.12082961460446222,0.18413042596348886,0.0,0.9543610547667343,0.004056795131845842
samanthaenergy,0.05619274376417233,0.8414625850340138,0.10234240362811799,0.1386734693877551,0.0022675736961451248,0.9546485260770975,0.0022675736961451248
scottwallard,0.0686135593220339,0.8033305084745761,0.1280457627118644,0.12909338983050844,0.0,0.9101694915254237,0.003389830508474576
seema_econ,0.04007843137254902,0.8162524509803921,0.14363725490196078,0.3159279411764706,0.0,0.9436274509803921,0.007352941176470588
sh_grewal,0.06073509933774844,0.815360927152318,0.1239128035320088,0.15401081677704193,0.0,0.9249448123620309,0.017660044150110375
sheenagreitens,0.04422208737864081,0.8094623786407759,0.14632160194174768,0.24026650485436898,0.0,0.912621359223301,0.01699029126213592
skoltai,0.04652080344332854,0.7650989956958386,0.18838163558106155,0.3074490674318509,0.0,0.8378766140602583,0.005738880918220947
slsatel,0.10301830663615559,0.7601899313501145,0.13678832951945075,0.05002631578947363,0.002288329519450801,0.8421052631578947,0.009153318077803204
solis_msolis,0.056278651685393276,0.857829213483146,0.08588539325842691,0.0937103370786517,0.0,0.9640449438202248,0.0056179775280898875
srcellini,0.012214285714285716,0.7964642857142857,0.1913214285714286,0.5089535714285713,0.0,0.8928571428571429,0.0
stanveuger,0.08951972789115646,0.8189387755102051,0.09153197278911562,-0.011104761904761909,0.0013605442176870747,0.9374149659863945,0.0013605442176870747
steven_pifer,0.0815817361894025,0.8140992108229984,0.10432356257046234,0.05730259301014658,0.002254791431792559,0.9334836527621195,0.0033821871476888386
streeterryan,0.0554994246260069,0.8006121979286527,0.14387917146145007,0.24692485615650178,0.0011507479861910242,0.9079401611047181,0.004602991944764097
strobetalbott,0.08879647435897435,0.8114567307692306,0.09975641025641026,0.001917788461538462,0.0,0.9230769230769231,0.004807692307692308
stuartmbutler,0.05013568376068374,0.8268461538461532,0.1230267094017093,0.153341987179487,0.0010683760683760685,0.9198717948717948,0.009615384615384616
suea_thornton,0.10304109589041095,0.7795707762557079,0.11739726027397261,0.045502739726027405,0.0,0.8949771689497716,0.0
tanvi_madan,0.041701388888888906,0.8561851851851848,0.10210995370370372,0.18237361111111106,0.0,0.9467592592592593,0.003472222222222222
tcwittes,0.08611907514450874,0.8001398843930629,0.11375606936416191,0.06851872832369939,0.0011560693641618498,0.9213872832369943,0.0023121387283236996
tewheels,0.06688059701492535,0.8140746268656719,0.11911940298507465,0.1416731343283582,0.0,0.9253731343283582,0.0
theToriKSmith,0.05743427970557312,0.8436498422712955,0.09891587802313359,0.10712628811777071,0.0,0.9526813880126183,0.0010515247108307045
theguardian.com/world/2016/oct‚Ä¶,0.6609999999999999,0.0,-0.7717,,1.0,0.0,0.0
thomaswright08,0.07279760479041913,0.8237137724550897,0.10347904191616758,0.06404790419161673,0.0011976047904191617,0.9353293413173652,0.0011976047904191617
timmonsroberts,0.06430337078651675,0.8177876404494379,0.11791011235955066,0.16149078651685375,0.0022471910112359553,0.9280898876404494,0.0033707865168539327
tompepinsky,0.06421307506053263,0.8363716707021789,0.09940193704600483,0.10274225181598051,0.002421307506053269,0.940677966101695,0.0036319612590799033
tomwsanchez,0.01665012406947891,0.8650595533498754,0.11828784119106707,0.32470694789081883,0.0,0.9702233250620348,0.007444168734491315
torrey_taussig,0.04669892473118279,0.8289870967741934,0.12433118279569895,0.20550924731182776,0.0,0.9526881720430107,0.0
tpbinion,0.05334883720930234,0.7961162790697676,0.15052790697674426,0.2149120930232555,0.0,0.8744186046511628,0.009302325581395349
tsterndc,0.06565555555555552,0.7800666666666666,0.15434444444444445,0.24454111111111107,0.0,0.9,0.0
ufukakcigit,0.012779467680608364,0.8574144486692016,0.12981749049429664,0.33273764258555116,0.0,0.9391634980988594,0.0038022813688212928
urvashi_sahni,0.0253125,0.8506250000000006,0.12406249999999999,0.3650617187499999,0.0,0.984375,0.0
v_williamson,0.06830434782608699,0.8226163043478256,0.1090684782608696,0.1403006521739128,0.0,0.9521739130434783,0.0010869565217391304
wagnerjk,0.02600539956803456,0.8281328293736491,0.1458498920086393,0.29530377969762434,0.0,0.9298056155507559,0.004319654427645789
wburkewh,0.039397449521785345,0.8258204038257172,0.1347789585547289,0.26932837407013815,0.0,0.9436769394261424,0.004250797024442083
wjantholis,0.06440550239234452,0.8022308612440195,0.13335885167464104,0.2109922248803826,0.0011961722488038277,0.9186602870813397,0.004784688995215311
xavbriggs,0.05499795501022492,0.7696871165644174,0.17530674846625768,0.28823680981595085,0.002044989775051125,0.8711656441717791,0.016359918200409
zoubiryh,0.06535294117647059,0.8229803921568628,0.1116078431372549,0.10675098039215689,0.0,0.8823529411764706,0.0
zpneal,0.03287973273942092,0.839773942093542,0.12734632516703784,0.2530849665924282,0.0,0.933184855233853,0.005567928730512249
