name,twitter,institution,gov_followers,congress_followers,news_followers,gov_following,congress_following,news_following,num_followers,num_following,position,num_citation,freq_original,freq_total,inner_betweeness,inner_degree
Mary Clare  Amselem,MCAmselem,heritage,0,3,5,10,20,53,3677,752,2,0,0.970660147,1.464547677,0.007221978,0.385542169
"Ryan T. Anderson, Ph.D.",RyanTAnd,heritage,3,10,10,2,10,10,31600,586,3,0,2.155339806,2.898058252,0.001733474,0.421686747
Doug  Badger,Dougsbriefcase,heritage,0,0,0,3,3,14,605,157,1,0,0.294263106,0.296241345,0,0.024096386
Daren  Bakst,darenbakst,heritage,0,1,1,0,1,6,894,666,3,0,0.37443609,0.45112782,0.002856244,0.277108434
Frederico  Bartels,FredericoBF,heritage,0,0,0,10,7,7,616,501,3,0,0.355329949,0.76142132,0.025736239,0.385542169
Gabriella   Beaumont-Smith,GabAboutTrade,heritage,0,0,0,8,2,32,102,291,2,0,0.017699115,0.145385588,0.001711589,0.144578313
"Theodore R. Bromund, Ph.D.",Bromund,heritage,1,1,1,0,2,4,1041,310,3,0,0.163485071,0.291238375,0.000246326,0.228915663
Peter  Brookes,Brookes_Peter,heritage,0,1,6,47,0,90,1673,456,3,0,0.162756598,0.438416422,0.000206635,0.34939759
"Lindsey M. Burke, Ph.D.",lindseymburke,heritage,3,12,7,15,39,56,4648,1773,4,0,0.831908832,1.709401709,0.024348671,0.578313253
Jonathan  Butcher,JM_Butcher,heritage,2,0,2,2,2,14,1186,569,3,0,1.583850932,3.726708075,0.000105498,0.108433735
GianCarlo  Canaparo,Gcanaparo,heritage,0,0,1,7,10,27,189,466,2,0,2.050505051,3.025252525,0.001034054,0.120481928
James Jay Carafano,JJCarafano,heritage,12,18,17,159,62,177,16900,5653,4,0,12.70588235,35.23529412,0.042028354,0.722891566
"James W. Ceaser, Ph.D.",jwc2g,heritage,0,0,0,0,0,0,43,5,1,0,0.002202643,0.002202643,0,0
Maiya  Clark,MaiyaCl,heritage,0,0,0,0,2,2,43,50,0,0,0.006725515,0.031946196,4.59E-05,0.036144578
Luke  Coffey,LukeDCoffey,heritage,9,2,3,9,1,23,18500,528,4,0,3.061728395,7.358024691,0.004174088,0.445783133
Helle C. Dale,Helledale,heritage,0,1,1,5,7,29,765,422,3,0,0.154957983,0.200336134,0.001417734,0.228915663
"Kevin   Dayaratna, Ph.D.",kdd0211,heritage,0,1,1,6,21,15,295,574,3,149,0.06222467,0.134361233,0.008185543,0.192771084
James  Di Pane,JamesDiPane,heritage,0,0,0,33,0,24,45,249,0,0,0.009598604,0.078534031,5.04E-05,0.072289157
David  Ditch,DavidADitch,heritage,0,0,0,5,0,0,229,88,0,0,1.15920398,1.492537313,0.000208726,0.144578313
Tim  Doescher,TimothyDoescher,heritage,0,0,1,1,3,1,169,126,4,0,0.127562642,0.166287016,0.000311873,0.096385542
"Lee  Edwards, Ph.D.",LeeWEdwards,heritage,0,1,0,0,1,0,197,30,3,0,0.130434783,0.188405797,0.002263637,0.253012048
Olivia   Enos,OliviaEnos,heritage,4,2,3,45,10,58,3745,2000,3,0,2.068322981,3.708074534,0.032120233,0.457831325
"Edwin J. Feulner, Ph.D.",EdFeulner,heritage,1,18,8,4,28,20,4887,2508,4,0,0.088867654,0.129479216,0.003088825,0.506024096
"Nile  Gardiner, Ph.D.",NileGardiner,heritage,0,4,8,7,9,29,12700,1291,4,0,9.777777778,22.22222222,0.047905285,0.614457831
Mike  Gonzalez,Gundisalvus,heritage,1,8,6,26,38,74,6115,3368,3,0,3.353982301,5.309734513,0.035610295,0.734939759
Joel  Griffith,joelgriffith,heritage,0,1,5,23,37,60,1404,1735,2,0,1.5,4.109589041,0.014104555,0.289156627
Jamie Bryan Hall,Mr_Jamie_B_Hall,heritage,0,0,1,5,7,4,259,238,2,0,0.146535868,0.155732679,0.009094317,0.253012048
"Kim R. Holmes, Ph.D.",kimsmithholmes,heritage,6,3,3,48,39,132,1993,1976,4,0,0.426751592,1.27388535,0.022891362,0.614457831
Mike  Howell,MHowellTweets,heritage,0,0,0,50,87,65,359,1470,3,0,0.745136187,1.16536965,0.005663803,0.228915663
Melanie  Israel,Melanie_Israel,heritage,0,4,3,2,5,17,1130,353,0,0,0.475428571,0.683428571,0.00018645,0.180722892
Thomas  Jipping,TomJipping,heritage,0,0,1,1,7,10,676,160,4,0,1.557195572,1.929889299,0.000114788,0.084337349
Emilie  Kao,EmilieTHF,heritage,1,1,2,12,27,19,1269,654,4,0,0.419811321,0.93081761,0.009814679,0.43373494
Diane  Katz,Dianeskatz,heritage,0,0,1,0,0,2,358,118,3,0,0.125610297,0.135818908,0.001187786,0.240963855
Anthony B. Kim,akfreedom,heritage,0,1,0,2,0,12,526,149,2,0,0.173076923,0.767948718,0.000787435,0.34939759
Klon  Kitchen,klonkitchen,heritage,0,0,1,11,23,26,1795,704,3,85,3.276422764,4.861788618,0.005304983,0.373493976
Bruce  Klingner,BruceKlingner,heritage,7,1,7,3,1,3,10500,133,3,0,0.635379061,1.083032491,9.66E-05,0.204819277
Daniel  Kochis,dankochis,heritage,2,1,2,29,10,23,983,610,3,0,0.77092511,2.643171806,0.009109761,0.301204819
Walter  Lohman,WalterLohman,heritage,4,1,0,10,6,8,2039,371,4,0,1.583586626,1.823708207,0.003493486,0.337349398
Nicolas  Loris,NiconomistLoris,heritage,1,1,4,1,0,6,669,127,4,0,0.018726592,0.034956305,0.000688246,0.277108434
John  Malcolm,malcolm_john,heritage,2,1,4,2,2,4,2139,212,4,0,0.430493274,0.665919283,0.002780158,0.361445783
Jennifer A. Marshall,MarshallJenA,heritage,0,4,2,1,3,14,1878,426,3,18859,0.15697267,0.209530484,0.001076806,0.253012048
Joshua   Meservey,Jmeservey,heritage,1,0,1,9,4,11,861,417,3,0,2.552083333,3.125,0.001141937,0.180722892
Adam  Michel,adamnmichel,heritage,0,1,0,8,5,8,817,394,3,0,0.243767313,0.331855956,0.006147805,0.34939759
"Norbert J. Michel, Ph.D.",norbertjmichel,heritage,3,5,3,8,26,35,2394,2147,4,0,0.785942492,1.916932907,0.022186787,0.385542169
"Robert E. Moffit, Ph.D.",moffitt_robert,heritage,0,0,0,0,0,6,351,15,3,27267,0.010845007,0.015815635,0,0
Stephen  Moore,StephenMoore,heritage,3,25,20,6,35,41,34900,785,3,0,0.263591433,0.493410214,0.00706906,0.397590361
"Melissa  Moschella, Ph.D.",melissamoschell,heritage,0,0,0,0,0,0,45,1,1,0,0.002666667,0.002666667,0,0
Alexis  Mrachek,AlexisMrachek,heritage,1,0,1,9,3,24,501,532,0,0,0.916299559,1.321585903,0.003818476,0.277108434
"James R. Otteson, Ph.D.",jroii,heritage,0,1,0,1,5,20,1338,587,1,993,0.277320799,0.703877791,0,0.012048193
Ana  Quintana,ana_r_quintana,heritage,3,5,9,18,11,26,5219,985,3,0,6.618421053,7.894736842,0.027124275,0.590361446
Lora  Ries,lora_ries,heritage,0,0,0,13,6,18,93,172,3,0,0.118690314,0.231241473,0.00146838,0.204819277
James M. Roberts,JamesMRoberts3,heritage,0,0,0,4,3,4,240,256,2,0,0.080062305,0.110280374,0.000607429,0.060240964
Brett D. Schaefer,BrettDSchaefer,heritage,0,0,0,9,21,23,78,249,3,0,0.012280702,0.01754386,0.000102948,0.096385542
"Parker  Sheppard, Ph.D.",parkersheppard,heritage,0,0,2,3,0,3,312,227,3,0,0.953358209,1.119402985,0.003228631,0.204819277
Robin  Simcox,RobinSimcox,heritage,3,0,4,1,0,5,3041,798,2,0,1.178494624,1.290322581,0.002998559,0.313253012
"Kiron K. Skinner, Ph.D.",KironSkinner,heritage,3,1,2,33,14,22,3234,518,1,0,0.099015634,0.346844239,2.61E-05,0.084337349
Elizabeth  Slattery,EHSlattery,heritage,0,1,6,8,9,38,2261,493,2,0,0.47826087,0.840112202,0.00155485,0.361445783
Tori K.  Smith,theToriKSmith,heritage,0,1,2,30,17,46,790,670,2,0,0.747276688,1.307189542,0.007554765,0.313253012
Jeff  M. Smith,Cold_Peace_,heritage,5,2,5,6,2,8,32100,1225,2,0,1.028985507,1.449275362,0.005323746,0.313253012
Thomas  Spoehr,TomSpoehr,heritage,1,0,0,0,0,0,105,6,4,0,0.017021277,0.022978723,2.37E-05,0.084337349
Patrick  Tyrrell,PatrickTyrrell1,heritage,0,0,0,0,1,0,135,37,4,0,0.084745763,0.090042373,0.002478208,0.13253012
John   Venable,JVVenable,heritage,0,0,2,2,5,8,329,227,3,0,0.549277267,0.784494087,0.000783036,0.21686747
Hans A. von Spakovsky,HvonSpakovsky,heritage,1,4,8,0,0,0,6575,65,3,0,0.498251748,0.524475524,0.000704782,0.43373494
Riley  Walters,WalteRiley,heritage,0,0,2,33,0,64,584,491,2,0,4.4,8,0.002630642,0.253012048
Genevieve  Wood,genevievewood,heritage,1,22,6,0,10,3,6423,627,3,0,0.567324955,1.07540395,0.015440937,0.518072289
"Charmaine   Yoest, Ph.D.",CharmaineYoest,heritage,1,14,15,15,14,55,13700,884,4,0,5.015384615,9.230769231,0.006469544,0.337349398
Tommy  Binion,tpbinion,heritage,0,0,0,7,14,21,318,390,4,0,0.070025619,0.1323655,0.000845164,0.240963855
Robert B. Bluey,RobertBluey,heritage,9,65,33,25,104,64,17200,3798,4,0,1.530612245,2.448979592,0.075436066,0.734939759
Romina   Boccia,Rominaboccia,heritage,5,8,7,13,14,36,3962,993,4,0,2.490909091,3.636363636,0.014838452,0.445783133
Danielle  Doane,danidoane,heritage,1,4,2,2,9,19,705,339,4,0,0.114835165,0.16456044,0.000957841,0.301204819
Becky Norton  Dunlop,resourcesgal,heritage,0,0,0,2,0,3,185,23,3,0,0.023334198,0.049520353,0,0.024096386
Martin  Gillespie,MJGillespieinNJ,heritage,0,0,0,3,4,3,191,204,4,0,0.009049774,0.01566307,5.72E-05,0.060240964
Kay C. James,KayColesJames,heritage,2,16,11,5,38,30,21000,754,4,0,1.321167883,1.459854015,0.054568236,0.759036145
Tim  McGovern,mcgovern,heritage,0,1,4,0,0,1,705,67,4,0,0.125208284,0.142585099,5.94E-05,0.144578313
Andrew  McIndoe,andrewpmcindoe,heritage,1,1,1,33,19,48,700,1011,4,0,0.092712551,0.239271255,0.005789837,0.265060241
Andrew  Olivastro,andyolivastro,heritage,0,1,2,16,5,32,626,1622,4,0,1.264957265,2.564102564,0.00130769,0.13253012
Helena   Richardson,HelenaRamirez,heritage,0,1,0,3,7,35,961,535,4,0,0.117266187,0.422302158,0.001030026,0.144578313
Janine   Ryan,JanineBrown85,heritage,0,0,0,3,3,38,69,246,4,0,0.038883663,0.050172468,8.64E-06,0.024096386
Greg  Scott,GScottSays,heritage,1,1,9,0,3,59,3188,1010,4,0,6.9,13.9,0.011797695,0.445783133
Nicholas  Stoltzfus,NickStolzfuReal,heritage,0,0,0,5,4,44,52,473,4,0,0.571428571,1.279317697,3.04E-05,0.012048193
Katrina  Trinko,KatrinaTrinko,heritage,2,20,20,2,9,29,8290,1024,4,0,1.156812339,1.542416452,0.005679684,0.361445783
Bridgett G. Wagner,bridgettwagner,heritage,2,12,18,40,59,173,5766,6327,4,0,1.3,5,0.039644356,0.554216867
James  Weidman,JimWeidman1,heritage,0,0,0,0,0,13,186,560,4,0,0.172839506,0.202754036,0.000163274,0.096385542
Paul  Winfree,paulwinfree,heritage,2,3,3,36,8,31,1862,1110,4,0,0.742358079,1.307860262,0.011067215,0.493975904
Geneive Abdo,AbdoGeneive,brookings,2,1,1,2,0,15,1162,323,1,0,0.132753852,0.178190439,2.59E-05,0.016
Noha Aboueldahab,NohaAboueldahab,brookings,0,0,0,12,3,55,1938,4105,2,0,0.359210526,0.784210526,0.001350535,0.04
Yasmina Abouzzohour,YAbouzzohour,brookings,0,0,0,2,1,20,612,890,1,5,0.059605163,0.14198937,0.000246112,0.02
Madiha Afzal,MadihaAfzal,brookings,3,0,2,9,0,21,11600,516,2,0,4.104166667,6.229166667,0.005190426,0.096
Ufuk Akcigit,ufukakcigit,brookings,0,0,0,1,0,9,9947,133,1,4303,0.204768583,0.395511921,5.15E-06,0.012
Randall Akee,indigenalysis,brookings,0,0,0,3,7,9,1139,557,1,1244,0.1821046,0.27284184,0.000485342,0.048
Ranj Alaaldin,RanjAlaaldin,brookings,2,3,5,3,2,5,22500,1335,1,0,2.575,4.991666667,0.014645619,0.088
Scott W. Allard,scottwallard,brookings,1,1,0,7,0,4,747,197,1,1442,0.168912416,0.288739172,0.000232606,0.032
Hady Amr,HadyAmr,brookings,18,1,1,70,30,69,3441,1736,1,0,2.939393939,4.545454545,0.005189784,0.076
Scott R. Anderson,S_R_Anders,brookings,2,3,2,38,15,40,5743,1646,1,0,1.974789916,5.025210084,0.006669664,0.132
William J. Antholis,wjantholis,brookings,5,1,5,17,20,45,2126,1116,1,0,0.718181818,1.363636364,0.006821302,0.14
Tamar Manuelyan Atinc,Tamar_Istanbul,brookings,0,0,0,1,0,20,415,270,1,0,0.173934346,0.293483586,0.004356796,0.032
John C. Austin,John_C_Austin,brookings,1,5,6,13,10,45,2429,1332,1,0,1.429411765,1.764705882,0.000378084,0.044
Dany Bahar,dany_bahar,brookings,0,1,4,9,8,47,20100,1204,3,439,2.642857143,4.214285714,0.039151683,0.192
Jeffrey Ball,jeff_ball,brookings,0,1,3,3,0,9,2748,400,1,0,0.1953125,0.359975962,2.64E-05,0.016
Carlo Bastasin,CarloBastasin,brookings,0,0,1,1,0,17,1655,344,1,0,0.279253816,0.338609384,0.000361264,0.016
Kaushik Basu,kaushikcbasu,brookings,0,0,0,3,8,4,139000,967,1,19770,0.830820771,1.005025126,0.011162452,0.12
C√©lia Belin,celiabelin,brookings,1,0,0,9,11,19,3788,863,1,0,1.112440191,1.435406699,0.002807768,0.096
Ben S. Bernanke,BenBernanke,brookings,0,0,0,0,0,0,112000,2,2,0,0.033457249,0.034519384,0,0
Alan Berube,berubea1,brookings,1,2,5,2,3,29,4243,1311,4,0,1.144736842,1.963815789,0.011777467,0.18
Haroon Bhorat,HaroonBhorat,brookings,1,1,0,3,0,18,2730,1616,1,6326,0.112781955,1.49122807,0.001422796,0.024
Sarah A. Binder,BinderSAB,brookings,2,5,8,2,0,8,8898,127,3,4587,1.827044025,1.886792453,0.001321545,0.108
Tawanna Black,TawannaABlack,brookings,0,3,2,2,5,7,1890,583,1,0,0.368703108,0.642015005,1.79E-05,0.036
Sandra E. Black,Econ_Sandy,brookings,1,1,1,2,7,12,9166,285,1,17540,0.455066922,1.137667304,0.003267957,0.108
Leah Boustan,leah_boustan,brookings,1,0,0,2,2,4,24900,1265,1,3128,17.63636364,18.18181818,0.005761175,0.124
Xavier de Souza Briggs,xavbriggs,brookings,0,0,2,0,4,6,1875,297,1,5223,0.11584,0.16736,0.000456888,0.064
William Burke-White,wburkewh,brookings,1,0,1,10,1,17,1556,373,1,0,0.562592047,0.88365243,0.001464382,0.068
Gary Burtless,gburtless,brookings,0,2,3,0,0,1,1630,159,3,12804,0.571428571,0.742857143,0.002106784,0.084
Camille Busette,CamilleBusette,brookings,1,0,0,2,3,3,692,225,4,0,0.038105607,0.062057703,0.001310184,0.092
Richard C. Bush,richardbushiii,brookings,4,0,2,2,0,14,4289,640,4,0,0.470779221,0.487012987,0.00217248,0.116
Stuart M. Butler,stuartmbutler,brookings,3,1,6,0,0,8,2951,537,3,0,0.175607002,0.338791643,0.001857859,0.068
Daniel L. Byman,dbyman,brookings,12,2,4,7,1,41,14200,671,3,9514,0.939393939,1.484848485,0.006416528,0.196
Charles T. Call,call4pax,brookings,0,0,0,3,0,1,559,179,1,3463,0.076574022,0.092456041,3.76E-05,0.016
Otaviano Canuto,ocanuto,brookings,0,0,1,9,0,10,3550,155,1,3079,1.25388601,3.093264249,2.01E-06,0.02
Esther Care,Care_Esther,brookings,0,1,0,1,0,1,576,112,3,0,0.222305953,0.263752826,7.51E-05,0.02
Marcus Casey,MarcDCase,brookings,0,0,0,3,0,9,534,670,1,223,0.769406393,1.363013699,0.00101855,0.076
Stephanie Riegg Cellini,srcellini,brookings,0,0,0,0,2,0,618,132,1,4003,0.009727626,0.01459144,0.000210914,0.024
Judy Chevalier,judy_chevalier,brookings,0,0,0,1,6,1,2643,205,1,17367,0.929219601,1.087114338,0.000221556,0.044
Tarun Chhabra,ChhabraT,brookings,2,0,0,95,32,48,1726,2584,2,0,0.172897196,0.934579439,0.018899339,0.164
Matthew Collin,aidthoughts,brookings,2,0,0,4,2,2,4777,3476,2,137,0.902240326,1.219959267,0.016356937,0.096
Peter Conti-Brown,PeterContiBrown,brookings,0,0,1,1,0,11,3119,194,1,330,7.897058824,8.823529412,3.53E-05,0.016
Brahima Sangafowa Coulibaly,BSangafowaCoul,brookings,0,0,0,4,3,32,1195,214,4,0,0.225705329,0.622779519,0.004737117,0.084
Oscar E. Cruz,oscarecruz,brookings,0,2,2,9,3,16,1260,1604,1,0,0.230234029,0.378241619,0,0.004
Galip Dalay,GalipDalay,brookings,0,0,0,4,0,26,7300,1374,1,0,0.31827112,1.170923379,0.00034763,0.028
Kemal Dervi≈ü,Kemal_Dervis,brookings,1,1,2,0,0,1,24800,50,3,0,0.05176565,0.07223114,0.002180691,0.112
Kevin C. Desouza,KevDesouza,brookings,0,0,1,5,0,8,1043,488,1,8836,0.425925926,1.234567901,1.07E-05,0.008
David Dollar,davidrdollar,brookings,4,2,2,1,1,32,6747,427,3,41867,0.521472393,0.736196319,0.010233102,0.116
Ryan Donahue,rmdonahue,brookings,2,0,0,0,0,1,228,180,1,0,0.107170099,0.139206712,0.000325582,0.048
Daniel W. Drezner,dandrezner,brookings,48,14,44,10,0,14,138000,998,1,10404,28.85714286,85.71428571,0.006392637,0.26
William Drozdiak,Wdrozdiak,brookings,1,0,0,2,0,5,205,73,1,0,0.040567951,0.06693712,4.70E-05,0.02
Rick Duke,RickDuke1,brookings,0,0,0,4,6,16,525,823,1,0,0.104815864,0.83286119,0.000349416,0.02
Arne Duncan,arneduncan,brookings,26,7,8,18,3,3,29900,250,1,0,8.212121212,18.09090909,0.000172368,0.04
Pascaline Dupas,DupasPascaline,brookings,0,0,1,0,0,0,11100,17,1,7961,0.113372093,0.166666667,9.02E-05,0.084
Norman Eisen,NormEisen,brookings,0,0,0,36,95,65,262000,3377,3,0,3.283783784,8.094594595,0.009849762,0.18
Adam Elshaug,AElshaug,brookings,0,0,0,2,0,9,1006,486,1,3526,0.556786704,1.659279778,5.13E-05,0.004
Alex Engler,AlexCEngler,brookings,1,0,1,25,3,34,2372,1869,2,0,0.238594328,0.369297164,0.005630259,0.068
Marcela Escobari,MarcelaEscobari,brookings,4,0,0,10,7,2,559,108,3,0,0.00922722,0.015570934,0.004648114,0.052
Antoni Estevadeordal,EstevadeordalA,brookings,0,0,0,0,0,5,429,149,1,0,0.07329463,0.104499274,0,0.008
Mark Fabian,markfabianANU,brookings,0,0,0,0,0,1,244,196,1,9,0.251404494,0.415730337,0.002176105,0.024
Richard E. Feinberg,rfeinberg2012,brookings,2,0,1,9,4,15,834,226,1,0,0.066695728,0.111159547,6.33E-06,0.02
Vanda Felbab-Brown,VFelbabBrown,brookings,5,2,2,7,0,9,5467,1421,3,0,11,17.64705882,0.005286386,0.136
Matthew Fiedler,mattafiedler,brookings,2,1,2,0,0,1,3853,128,2,0,0.517911975,0.614124872,0.006771747,0.048
Lindsey Ford,lindseywford,brookings,5,1,2,17,2,15,2936,584,2,0,0.880191693,0.958466454,0.002332713,0.096
Louise Fox,LouiseFox_econ,brookings,0,0,0,0,0,0,30,13,1,2347,0.037453184,0.037453184,0,0
Michael Fullilove,mfullilove,brookings,9,1,7,17,4,31,19000,1405,1,394,6.468085106,12.76595745,0.006452749,0.1
William G. Gale,WilliamGale2,brookings,0,1,4,34,7,66,2551,1330,4,0,0.264925373,0.746268657,0.011532575,0.104
William A. Galston,BillGalston,brookings,3,5,12,19,17,33,5933,631,4,0,0.406091371,0.609137056,0.010866736,0.22
Alejandro J. Ganimian,aganimian,brookings,0,0,0,4,0,6,3163,501,1,635,0.435897436,0.767948718,0.001009834,0.024
Geoffrey Gertz,geoffreygertz,brookings,0,0,0,8,0,9,1229,857,2,0,1.9,2,0.001526846,0.044
Hafez Ghanem,HafezGhanem_WB,brookings,0,1,0,3,1,13,5015,365,1,0,0.32849162,0.665921788,0.000105194,0.028
Julia  Gillard,JuliaGillard,brookings,0,0,0,0,0,0,813000,178000,3,0,0.27929374,0.320492242,0.000698919,0.04
Annelies Goger,annelies_goger,brookings,2,0,0,3,11,20,551,941,2,0,6.9375,9.375,0.004191831,0.096
James Goldgeier,JimGoldgeier,brookings,11,3,1,9,11,25,9532,1182,1,4301,11.12,24,0.005362559,0.176
Marek Gootman,MarekGootman,brookings,0,0,0,0,0,2,464,178,1,0,0.044977511,0.046776612,7.30E-05,0.04
Joshua Gotbaum,JoshGotbaum,brookings,1,1,2,1,5,9,798,236,1,0,0.598647125,0.675310034,0.001176488,0.052
Carol Graham,cgbrookings,brookings,0,1,1,0,1,3,1852,242,4,0,0.496428571,1.058928571,0.011395832,0.184
Richard K. Green,keynesianr,brookings,2,1,4,20,4,25,2321,1772,3,5248,4.134453782,5.042016807,0.00107496,0.024
Sheena Chestnut Greitens,sheenagreitens,brookings,5,3,4,41,2,15,11100,3019,1,490,4.445378151,5.033613445,0.002456809,0.092
DJ Gribbin,DJ_gribbin,brookings,0,0,0,2,1,0,241,204,1,0,0.10012837,0.146341463,0.000136012,0.036
Michal Grinstein-Weiss,MichalGW,brookings,0,1,0,8,3,18,398,734,1,2374,0.053785901,0.146736292,0.000208542,0.028
Samantha Gross,samanthaenergy,brookings,0,1,0,4,1,23,1198,760,2,0,0.347629797,0.529345372,0.018127382,0.116
Emily Gustafsson-Wright,EGWBrookings,brookings,0,3,0,20,8,17,1775,1474,2,0,0.464769648,0.81300813,0.011806284,0.104
Jean-Marie Gu√©henno,JGuehenno,brookings,3,0,3,0,0,12,11700,453,3,0,3.68,5.99,0.000475156,0.072
Helen Shwe Hadani,HelenSHadani,brookings,0,0,0,0,0,4,259,161,2,0,0.040662284,0.07742878,0.000233152,0.032
Michael Hansen,DrMikeHansen,brookings,1,1,1,8,0,6,864,315,4,1319,0.19223772,0.363856883,0.001087063,0.04
Bradley Hardy,bl_hardy,brookings,1,0,0,9,7,6,1369,705,1,361,0.241676942,0.368680641,0.001938497,0.064
Jennifer M. Harris,jennifermharris,brookings,1,0,1,13,3,27,1852,835,1,0,0.195933457,0.546210721,0.00221617,0.06
Douglas N. Harris,douglasharris99,brookings,3,0,2,5,1,9,1977,519,1,6705,1.613899614,2.312741313,0.000294335,0.04
Ryan Hass,ryanl_hass,brookings,6,0,3,7,1,3,6271,460,4,22,0.963636364,1.558441558,0.004678119,0.16
Ian Hathaway,IanHathaway,brookings,0,1,0,0,0,3,3253,433,1,0,0.402439024,0.609756098,0.000147403,0.052
Susan Hennessey,Susan_Hennessey,brookings,0,0,0,12,7,21,334000,699,3,0,3,11.09259259,0.013977496,0.304
Makada Henry-Nickie,mhnickie,brookings,0,0,0,3,1,4,530,400,2,0,0.098591549,0.193932828,0.001335487,0.08
Kathy Hirsh-Pasek,KathyandRo1,brookings,1,0,0,13,0,32,3450,605,3,23714,0.621125144,0.688863375,0.000302554,0.036
Colette D. Honorable,CHonorableEsq,brookings,3,4,2,29,35,40,3762,1786,1,0,0.40990991,0.536036036,7.87E-05,0.02
John Hudak,JohnJHudak,brookings,3,5,8,23,33,60,6785,2784,4,0,0.575688073,1.371559633,0.024296842,0.204
Nathan Hultman,natehultman,brookings,0,0,0,11,8,10,1131,1013,1,2591,0.391361257,0.784031414,0.004112593,0.06
George Ingram,GMIngramIV,brookings,4,1,0,0,0,0,548,12,3,0,0.013499481,0.014191762,0,0.028
Seema Jayachandran,seema_econ,brookings,0,0,0,1,0,1,20100,951,1,4283,1.361904762,1.901587302,0.004629656,0.08
Bonnie Jenkins,Jenkinsbd,brookings,5,0,0,19,9,16,2505,1432,1,0,1.936046512,3.470930233,0.000745004,0.036
David C. John,dcjretiresecure,brookings,0,0,0,2,1,8,1565,437,4,0,1.661290323,4.838709677,5.53E-05,0.032
Bruce Jones,BruceBrookings,brookings,12,0,1,75,67,78,6281,5145,4,0,0.348232848,0.620582121,0.041656877,0.276
"E.J. Dionne, Jr.",EJDionne,brookings,0,0,0,11,51,124,186000,2317,2,0,5.76119403,8.955223881,0.019195332,0.34
Marvin Kalb,MarvinKalb,brookings,0,4,3,14,42,88,1528,818,1,0,0.211053264,0.223468162,0.000266598,0.032
Elaine Kamarck,EKamarck,brookings,1,4,10,1,3,8,4806,303,4,0,0.213523132,0.427046263,0.004033988,0.176
Joseph W. Kane,jwkane1,brookings,0,0,0,6,0,12,932,379,3,0,0.204081633,0.271655329,0.003737856,0.1
Daniel Kaufmann,kaufpost,brookings,3,0,0,4,1,26,5376,825,1,49569,0.1,0.721686747,0.002193509,0.064
Turan Kayaoglu,TuranKayaoglu,brookings,0,0,0,0,0,6,356,250,1,589,0.061101549,0.10929432,3.17E-06,0.008
Richard Kazis,KazisRichard,brookings,0,0,0,2,0,9,203,445,1,0,0.085094232,0.113078241,0.000153796,0.02
Melissa S. Kearney,kearney_melissa,brookings,0,1,0,6,4,12,8646,335,1,9256,0.761310452,0.934477379,0.003118774,0.156
Cameron F. Kerry,Cam_Kerry,brookings,5,1,2,31,13,55,1896,1101,1,0,0.893287435,1.030981067,0.005760082,0.052
Donald F. Kettl,DonKettl,brookings,0,1,1,1,0,3,890,31,1,14348,0.250620347,0.496277916,0,0.028
Molly Kinder,MollyKinder,brookings,20,2,1,14,6,11,6786,1145,2,0,4.775280899,6.719101124,0.010549959,0.144
James Kirchick,jkirchick,brookings,11,4,21,11,11,8,21900,908,1,0,0.158995816,0.209205021,0.000259796,0.084
Kemal Kiri≈üci,kemalkirisci,brookings,0,0,1,2,1,20,5191,654,1,0,0.340769231,0.460769231,0.002474811,0.1
Aaron Klein,AaronDKlein,brookings,2,7,4,12,8,7,3450,564,4,0,0.946261682,1.401869159,0.004653712,0.108
Elizabeth Kneebone,ekneebone,brookings,0,1,2,2,1,12,2002,355,1,0,0.056413942,0.141573841,0.006491483,0.104
Steven R. Koltai,skoltai,brookings,1,0,0,12,4,17,1418,2066,1,0,0.27123696,0.298062593,0.000114159,0.012
Ananth Krishnan,ananthkrishnan,brookings,0,0,0,5,0,28,33800,1780,1,0,8.735294118,17.61764706,0.001596309,0.036
Arthur R. Kroeber,arkroeber,brookings,0,0,1,0,0,4,1595,234,1,0,0.010779436,0.010779436,1.45E-05,0.02
Christina Kwauk,CKwauk,brookings,0,0,0,13,2,6,987,927,2,481,0.915584416,1.925324675,0.003672021,0.056
Jonathan M. Ladd,jonmladd,brookings,0,1,6,2,0,10,8565,902,1,1094,1.101485149,1.485148515,0.000696495,0.044
Addisu Lashitew,AddisuLashitew,brookings,0,0,0,1,0,18,476,461,2,155,0.599118943,0.757709251,9.18E-05,0.02
Nicol Turner Lee,drturnerlee,brookings,2,5,3,23,18,43,3479,977,2,0,1.25,1.630434783,0.004673162,0.116
Elizabeth Mann Levesque,elizkmann,brookings,1,1,1,11,19,45,622,660,1,0,0.29637378,0.417712692,0.000689479,0.052
Blair Levin,BlairLevin,brookings,0,1,2,0,0,4,890,62,1,0,0.014888337,0.027605459,0,0.028
Jason Levitis,jasonlevitis,brookings,0,0,0,6,2,2,457,334,1,0,0.214470284,0.282515073,0,0.012
Kenneth G. Lieberthal,ChinaKenL,brookings,2,1,3,0,0,0,1564,19,3,0,0.005345395,0.005345395,5.72E-05,0.056
Adam P. Liff,AdamPLiff,brookings,1,0,0,13,2,14,1617,592,1,0,0.319587629,0.513745704,0.000103818,0.04
Amy Liu,amy_liuw,brookings,5,2,5,10,6,71,7848,1289,4,0,1.215158924,1.466992665,0.021572826,0.204
Tracy Hadden Loh,lohplaces,brookings,0,0,0,0,1,1,733,199,2,0,0.271268058,0.319957196,0.00019397,0.048
Nora Lustig,noralustig,brookings,1,0,0,3,0,28,4087,353,1,11959,0.158675799,0.228310502,0.000776602,0.032
Tanvi Madan,tanvi_madan,brookings,0,0,0,62,2,90,41900,3527,4,0,22.26086957,26.08695652,0.029431723,0.232
Giovanna De Maio,giovDM,brookings,0,0,0,5,5,42,641,888,1,0,0.271810388,0.302571861,0.002032436,0.076
Suzanne Maloney,MaloneySuzanne,brookings,0,0,0,14,6,16,32500,2747,4,931,1.112,4.76,0.035902841,0.304
Peter Mandaville,pmandaville,brookings,5,0,1,13,2,2,2848,505,1,3624,0.780487805,1.458536585,0.001420868,0.068
Ruth Marcus,RuthMarcus,brookings,0,0,0,15,42,112,49500,2362,1,0,0.583214794,0.853485064,0.00208737,0.088
Dayna Bowen Matthew,daynamatthew3,brookings,1,0,1,17,20,23,1154,643,1,476,0.454873646,0.540613718,0.000140557,0.016
John McArthur,mcarthur,brookings,2,1,4,6,1,19,6984,1246,3,5592,0.450526316,0.631578947,0.017152666,0.128
Warwick J. McKibbin,WarwickMcKibbin,brookings,0,1,0,0,0,5,1661,53,4,8738,0.030230161,0.06698729,0.00223268,0.036
John McLaughlin,jmclaughlinSAIS,brookings,0,0,0,3,3,11,75800,239,1,0,0.50422833,0.633192389,0.00015518,0.084
Vikram Singh Mehta,BrookingsIndia,brookings,10,2,1,5,0,54,25700,523,3,0,3.452991453,5.11965812,0.005549207,0.084
Joshua P. Meltzer,JoshuaPMeltzer,brookings,0,1,1,1,0,2,982,236,3,697,0.033040569,0.051861146,0.001267871,0.064
Shivshankar Menon,ShivshankaMenon,brookings,2,0,1,9,2,26,13800,535,3,0,0.163793103,0.853448276,0.000910016,0.068
Chris Meserole,chrismeserole,brookings,0,1,3,2,0,2,2017,674,4,0,0.144323484,0.186314152,0.005857932,0.104
Lewis M. Milford,LewMilford,brookings,0,1,1,7,1,9,511,352,1,0,0.101382488,0.276036866,1.34E-06,0.016
Alicia Sasser Modestino,SasserModestino,brookings,1,2,1,2,2,21,1521,651,1,759,0.525394046,1.049036778,0.001264223,0.04
Molly Montgomery,MollyMontgomery,brookings,5,0,0,38,34,115,2073,1647,1,0,2.39047619,2.857142857,0.000296095,0.072
John B. Morris Jr.,jmorrisjr,brookings,0,0,0,0,0,0,82,57,1,0,0.029850746,0.032835821,0,0.008
Adele Morris,AdeleCMorris,brookings,1,4,1,2,13,11,2191,606,4,0,0.906705539,1.743440233,0.008718414,0.072
Anit Mukherjee,Mukherjee_Anit,brookings,0,0,0,0,0,0,1792,333,1,254,0.376784015,0.568981922,3.02E-05,0.024
Mark Muro,markmuro1,brookings,6,6,9,22,4,46,9763,1776,4,0,3.56626506,7.204819277,0.017650222,0.196
Richard Nephew,RichardMNephew,brookings,5,3,2,8,5,8,6782,428,1,0,2.805555556,4.159722222,0.000275117,0.056
Milena Nikolova,milenkanik,brookings,0,0,0,1,0,0,740,636,1,631,0.29180602,0.49916388,0.001542986,0.036
Michael E. O‚ÄôHanlon,MichaelEOHanlon,brookings,19,6,12,0,0,0,11200,45,4,0,1.691449814,2.230483271,0.001135535,0.28
Ken Opalo,kopalo,brookings,0,0,0,0,0,0,13800,653,1,132,4.113043478,5.217391304,0.001463779,0.056
Daniel E. Ortega,dortegaeval,brookings,0,0,0,1,0,7,3800,511,1,0,0.702865762,0.904977376,0.000123813,0.02
Evan Osnos,eosnos,brookings,1,2,1,23,13,26,87800,1942,1,0,0.47957993,0.698949825,0.008462892,0.156
Jung H. Pak,junghpak1,brookings,8,3,6,24,1,32,18600,591,4,0,0.595300261,1.563968668,0.004605068,0.156
Joseph Parilla,joeparilla,brookings,1,0,1,13,0,18,1163,719,2,0,0.237138264,0.481511254,0.003542947,0.108
Eric M. Patashnik,EricPatashnik,brookings,0,0,0,0,0,5,1032,311,1,3304,0.645114943,0.859195402,8.75E-05,0.02
Kavita Patel,kavitapmd,brookings,2,2,6,2,0,9,6431,184,1,0,0.187808896,0.247116969,8.91E-05,0.036
Thomas Pepinsky,tompepinsky,brookings,1,0,3,2,0,5,10700,691,1,2488,3.856164384,4.109589041,0.000127836,0.032
Andre M. Perry,andreperryedu,brookings,2,3,7,21,20,103,12200,2648,2,0,5,10.69642857,0.01851158,0.188
Ted Piccone,piccone_ted,brookings,4,2,1,15,3,26,2316,577,1,0,0.367399741,0.776196636,0.004697475,0.116
Steven Pifer,steven_pifer,brookings,32,3,7,27,4,14,22700,573,1,0,7.373333333,8,0.000975483,0.132
Anthony F. Pipa,anthonypipa,brookings,46,1,0,31,6,8,2351,932,3,0,0.437869822,0.710059172,0.002408315,0.056
Eswar Prasad,EswarSPrasad,brookings,1,1,2,0,0,0,4148,29,3,20224,0.191580756,0.257302405,0,0.072
Robert Puentes,rpuentes,brookings,5,5,3,4,1,2,5523,1462,1,1672,1.453781513,2.516806723,0.005604247,0.116
Patrick W. Quirk,patrickwquirk,brookings,2,1,0,37,5,32,310,635,1,63,0.018093557,0.056487202,3.57E-07,0.008
Barry G. Rabe,BarryRabe,brookings,0,1,0,1,0,0,1066,93,1,0,0.715771231,1.03812825,0.000115019,0.028
Omar H. Rahman,omarrahman,brookings,1,0,0,4,3,34,1454,710,1,0,0.713274336,1.05840708,0.00451153,0.032
Jonathan Rauch,jon_rauch,brookings,2,3,12,5,6,27,12900,700,3,0,1.501706485,2.04778157,0.002927368,0.136
Shamika Ravi,ShamikaRavi,brookings,0,0,0,1,0,28,75700,455,3,1556,20.95833333,25,0.001711891,0.076
Rashawn Ray,SociologistRay,brookings,1,6,3,11,41,68,15500,6671,2,1132,0.50990099,1.48019802,0.006232326,0.1
Sarah Reber,econsarahreber,brookings,0,0,0,4,5,3,1209,441,2,1298,1.273348519,1.366742597,0.007142894,0.072
Douglas A. Rediker,dougrediker,brookings,0,0,2,13,7,65,1584,1245,1,0,0.528776978,1.073741007,0.000273242,0.04
Richard V. Reeves,RichardvReeves,brookings,4,2,10,30,15,110,15100,3171,4,705,2.798076923,5.759615385,0.09083174,0.316
Ana Revenga,analerevenga,brookings,0,0,0,2,2,8,2285,441,3,0,0.927738928,1.398601399,0.003724859,0.064
Molly E. Reynolds,mollyereynolds,brookings,2,3,4,0,0,2,8541,223,3,0,1.213114754,1.229508197,0.002457998,0.108
Timmons Roberts,timmonsroberts,brookings,2,1,2,4,4,11,3682,1582,1,11638,0.293563579,0.464678179,0.000345525,0.02
Jenny Perlman Robinson,JennyPerlman,brookings,0,0,0,11,0,24,1165,512,3,0,0.214592275,0.858369099,0.00190235,0.048
Heather M. Roff,hmroff,brookings,1,1,1,30,0,47,2438,563,1,514,3.715686275,5.882352941,1.20E-05,0.028
Melissa Rogers,melissarogers,brookings,2,0,1,12,10,6,2075,1288,1,0,2.516339869,3.921568627,1.90E-05,0.008
Eric Rosand,rosanderic,brookings,4,0,0,3,3,9,830,317,1,0,0.675968992,0.930232558,0,0.012
Tom Rosenstiel,TomRosenstiel,brookings,1,0,9,6,1,111,4486,3194,1,0,0.962962963,1.305010893,4.44E-05,0.024
Martha Ross,marthahross,brookings,1,0,0,2,0,11,999,556,2,0,0.398186315,0.49299258,0.003367415,0.112
Jonathan Rothwell,jtrothwell,brookings,0,0,4,13,4,18,2494,607,1,1900,1.202991453,1.282051282,0.001793061,0.1
Natan Sachs,natansachs,brookings,7,4,5,20,13,33,7539,2057,4,0,1.139442231,2.386454183,0.027940204,0.196
Rodney Sampson,rodneysampson,brookings,2,4,3,70,141,110,19400,9950,1,0,5.5,6.976744186,0.007684217,0.056
Arturo Sarukhan,Arturo_Sarukhan,brookings,0,0,0,17,40,67,186000,996,1,0,14.08695652,26.08695652,0.001233234,0.072
Elizabeth N. Saunders,ProfSaunders,brookings,6,1,2,29,2,46,13100,3962,1,837,3.206521739,6.52173913,0.011262345,0.14
Isabel V. Sawhill,isawhill,brookings,3,1,6,5,1,16,4135,275,3,0,0.279946164,0.803499327,0.004304231,0.192
Diane Whitmore Schanzenbach,dwschanz,brookings,0,0,2,2,2,10,2579,588,1,0,0.466071429,1.071428571,0.001416383,0.076
Witney Schneidman,WitneySchneid,brookings,1,0,1,27,3,34,662,279,1,0,0.008592201,0.010244547,0,0.012
Jenny Schuetz,jenny_schuetz,brookings,0,1,1,16,18,21,7970,1407,2,0,4.172727273,5.454545455,0.012804936,0.172
Jay Shambaugh,JayCShambaugh,brookings,0,3,1,4,1,1,3827,490,4,0,2.445086705,3.468208092,0.004988847,0.108
Jordan Shapiro,jordosh,brookings,0,0,0,3,3,11,118000,12800,1,0,8.225806452,9.677419355,0.000563094,0.044
Jeremy Shapiro,jyshapiro,brookings,7,0,1,7,0,5,5776,986,1,0,0.453108535,0.631190727,0.005486641,0.156
Louise Sheiner,lsheiner,brookings,0,0,0,1,0,18,55,143,4,0,0.013039117,0.024072217,8.52E-05,0.02
Jim Shelton,JIMSEDU,brookings,18,0,6,36,6,40,7296,1613,1,0,0.160326087,1.625,0.000522269,0.036
Landry Sign√©,LandrySigne,brookings,0,0,0,6,1,22,2666,527,3,0,0.280056577,0.847241867,0.004083913,0.064
Amanda Sloat,A_Sloat,brookings,14,1,5,24,5,20,9451,878,3,0,1.793103448,5.172413793,0.00487774,0.188
Dennis J. Snower,DJSnower,brookings,0,0,0,0,0,8,2683,425,1,0,1.201257862,1.886792453,5.08E-06,0.012
Javier Solana,javiersolana,brookings,0,0,0,2,0,31,104000,554,3,0,5.551282051,7.692307692,0.00115318,0.128
Mireya Sol√≠s,solis_msolis,brookings,4,0,0,0,0,6,2513,220,4,0,0.304291287,0.78023407,0.003113256,0.108
Vera Songwe,SongweVera,brookings,3,0,3,5,0,19,19400,266,1,0,0.36492891,0.94628752,7.27E-05,0.024
Constanze Stelzenm√ºller,ConStelz,brookings,10,2,5,16,7,43,16200,2044,3,0,8.880952381,14.28571429,0.006760749,0.176
Angela Stent,AngelaStent,brookings,8,1,5,5,1,8,4241,253,1,0,0.074788902,0.205066345,3.19E-05,0.064
Todd Stern,tsterndc,brookings,0,0,0,0,0,5,1217,40,3,0,0.067001675,0.077051926,6.33E-05,0.044
Strobe Talbott,strobetalbott,brookings,0,0,0,55,27,68,49400,2698,3,0,0.569570871,0.78023407,0.079420509,0.44
Caitlin Talmadge,ProfTalmadge,brookings,1,0,0,32,19,30,5290,1334,1,0,4.647058824,6.470588235,0.001868388,0.088
Torrey Taussig,torrey_taussig,brookings,0,0,0,13,14,29,1543,736,1,0,0.239449541,0.480733945,0.002135945,0.124
Jerry Taylor,jerry_jtaylor,brookings,0,1,1,0,3,6,10500,419,4,0,1.295,1.5,0.000591868,0.044
Margaret L. Taylor,MargLTaylor,brookings,0,0,2,10,11,6,5338,647,3,0,2.5,9.090909091,0.000665692,0.06
√ñmer Ta≈üpƒ±nar,otaspinar,brookings,0,0,0,9,1,42,8951,610,1,0,0.207831325,1.801204819,0.00116414,0.048
Shibley Telhami,ShibleyTelhami,brookings,8,5,8,12,6,30,15200,1030,1,0,10.95555556,13.31111111,0.005646253,0.132
Susan A. Thornton,suea_thornton,brookings,5,1,0,7,4,13,3191,333,1,0,0.131329994,0.135781859,0.000243676,0.036
Adie Tomer,AdieTomer,brookings,0,1,3,1,0,2,2354,599,2,0,0.506218905,0.745024876,0.007319599,0.132
Rahul Tongia,DrTongia,brookings,0,0,1,0,0,0,1211,14,2,0,0.90625,0.986842105,0,0.032
Adam Triggs,AdamJTriggs,brookings,0,0,0,1,0,4,339,142,1,0,0.351383875,0.453670277,0.000184246,0.012
Harold Trinkunas,htrinkunas,brookings,1,1,1,3,1,12,2457,680,4,0,0.456228956,1.005050505,0.005733519,0.092
Shalini Vajjhala,refocuspartners,brookings,0,0,0,6,2,21,974,817,1,0,0.305263158,0.902255639,7.27E-06,0.012
Jon Valant,JonValant,brookings,1,1,0,2,0,7,601,335,2,0,0.137621541,0.140613313,0.001123218,0.052
Emiliana Vegas,EmiVegasV,brookings,0,0,2,4,2,43,3486,1245,4,0,1.877777778,2.222222222,0.006844858,0.084
Eric Verhoogen,EricVerhoogen,brookings,0,0,0,0,0,6,2981,586,1,0,0.229766804,0.40260631,0.001309677,0.052
Zach Vertin,ZachVertin,brookings,1,0,0,9,2,22,914,564,1,0,0.206870799,0.281553398,0.000352404,0.024
Jennifer S. Vey,jvey1,brookings,0,0,0,6,0,32,1428,936,4,0,0.351807229,0.481927711,0.009009379,0.116
John Villasenor,JohnDVillasenor,brookings,0,1,0,0,0,0,1179,13,1,0,0.037629038,0.037962038,0,0.028
Julie Wagner,wagnerjk,brookings,0,0,0,0,0,10,1091,469,1,0,0.143377001,0.436681223,0.000833694,0.028
Robert Weissbourd,BobWeissb,brookings,0,0,0,0,0,2,98,56,1,0,0.001748252,0.005244755,2.68E-06,0.012
David Wessel,davidmwessel,brookings,0,0,1,16,1,47,85100,864,4,0,12.02702703,16.21621622,0.036068362,0.3
Darrell M. West,DarrWest,brookings,8,6,6,28,28,47,6574,3031,4,0,0.554404145,3.10880829,0.080114123,0.264
Tom Wheeler,tewheels,brookings,1,3,3,2,0,12,2166,36,1,0,0.017767768,0.018018018,0,0.036
Joshua T. White,joshuatwhite,brookings,5,1,2,40,4,20,7126,1340,1,0,0.543424318,1.488833747,0.001117021,0.072
Rebecca Winthrop,rebeccawinthrop,brookings,5,2,1,11,251,42,8100,1217,4,0,0.635135135,1.351351351,0.014707074,0.128
Benjamin Wittes,benjaminwittes,brookings,0,0,0,27,9,50,390000,1875,4,0,20.62962963,22.22222222,0.030142073,0.364
Tamara Cofman Wittes,tcwittes,brookings,0,0,0,42,15,26,35300,2426,3,0,10.94444444,33.33333333,0.041807896,0.352
Justin Wolfers,justinwolfers,brookings,0,0,0,9,1,17,193000,1170,1,0,8.333333333,9.983333333,0,0
Daniel B. Wright,thomaswright08,brookings,21,5,7,10,3,21,28900,1419,1,0,5.97260274,8.219178082,0.012817662,0.284
Thomas Wright,thomaswright08,brookings,21,5,7,10,3,21,28900,1419,4,0,5.97260274,8.219178082,0.012817662,0.284
Constantino Xavier,constantinox,brookings,3,1,1,2,0,0,8048,997,2,0,7.772727273,9.090909091,0.001060098,0.056
Niam Yaraghi,niamyaraghi,brookings,1,0,1,14,4,4,1055,648,1,0,0.698507463,0.891044776,0.000472391,0.032
Eduardo Levy Yeyati,eduardoyeyati,brookings,0,0,0,0,0,8,43500,447,1,0,9.037735849,11.32075472,0.000131681,0.02
Christen Linke Young,clinkeyoung,brookings,0,1,0,12,9,6,998,593,2,0,0.151547876,0.215262779,0.008580862,0.028
Tarik M. Yousef,TarikYousef,brookings,0,0,1,1,0,12,2502,52,4,0,0.000890736,0.002672209,0,0.024
Daniel Zovatto,Zovatto55,brookings,0,0,1,1,0,35,14800,1044,1,0,14.11428571,17.14285714,0.000326417,0.012
Leon Aron @AronRTTT,AronRTTT,aei,3,0,3,2,1,2,2129,173,4,0,0.204481793,0.238895558,0.001210513,0.184210526
Kirsten Axelsen,kjacny,aei,0,0,0,8,2,18,93,202,1,0,0.015658747,0.023758099,1.46E-05,0.026315789
John P. Bailey @John_Bailey,John_Bailey,aei,6,1,5,40,6,45,7740,4258,1,0,3.473684211,10.52631579,0.008556963,0.092105263
Michael Barone @MichaelBarone,MichaelBarone,aei,3,25,34,0,0,0,31400,19,3,0,0.327510917,0.327510917,0.000824166,0.25
Eric J. Belasco,ejbelasco,aei,0,0,0,13,6,29,515,685,1,0,0.131771596,0.170204978,2.13E-05,0.026315789
Ryan C. Berg,RyanBergPhD,aei,0,0,1,28,34,58,808,1260,2,0,4.217391304,6.52173913,0.003603275,0.092105263
Andrew G. Biggs @biggsag,biggsag,aei,0,2,0,4,0,2,3209,735,2,0,0.925,1.363636364,0.022123366,0.223684211
Mason M. Bishop,MasonMBishop,aei,0,0,0,9,6,40,589,1145,2,0,0.267015707,0.519197208,0.000165791,0.026315789
Dan Blumenthal @DAlexBlumenthal,DAlexBlumenthal,aei,3,2,5,31,24,52,4724,1291,4,0,0.331877729,0.418340611,0.006234132,0.197368421
Hal Brands,HalBrands,aei,2,0,1,3,2,3,3770,604,2,0,0.531190926,1.128544423,0.005563808,0.184210526
Alex Brill @AlexBrill_DC,AlexBrill_DC,aei,2,1,3,38,16,30,1096,819,2,0,0.836644592,1.322295806,0.00558706,0.289473684
Arthur C. Brooks @arthurbrooks,arthurbrooks,aei,2,13,12,1,4,2,69000,215,4,0,1.10741688,1.534526854,0.032333779,0.697368421
Timothy P. Carney @TPCarney,TPCarney,aei,6,7,21,6,7,21,52200,1452,2,0,25.75,30,0.038877636,0.539473684
Lynne V. Cheney,LynneVCheney,aei,0,1,4,0,0,0,1505,4,3,0,0.026672694,0.036618445,0,0.039473684
Matthew Continetti,continetti,aei,2,12,5,1,5,13,30800,951,2,0,3.830508475,10.16949153,0.015979047,0.342105263
Zack Cooper,ZackCooper,aei,4,0,1,2,0,0,4497,484,2,0,0.194805195,0.223071047,0.009275978,0.184210526
Jay Cost,JayCostTWS,aei,1,0,0,1,0,0,35100,287,1,0,14.85,16.1,0.005654957,0.276315789
Daniel A. Cox @dcoxpolls,dcoxpolls,aei,0,0,3,0,0,13,1315,657,2,0,0.752442997,0.975570033,0.000112789,0.078947368
Juan Jos√© Daboub,DaboubJorge,aei,0,0,3,0,0,3,29500,109,1,0,8,15.71052632,0,0
Jason D. Delisle @delislealleges,delislealleges,aei,2,1,3,1,0,0,2629,61,2,0,1.255813953,1.395348837,0.000522846,0.131578947
Sadanand Dhume @dhume,dhume,aei,2,0,19,2,0,19,153000,594,2,0,11.7,12,0.006314077,0.276315789
Robert Doar,RobertDoar,aei,0,2,1,0,0,9,1505,159,4,0,0.182370821,0.267477204,0.100214681,0.605263158
Michael Dougherty,michaelbd,aei,0,0,0,1,2,9,43200,2383,1,0,14.13157895,15.76315789,0.00169709,0.171052632
Mackenzie Eaglen @MEaglen,MEaglen,aei,23,14,20,67,10,59,9770,1474,2,0,0.698684211,0.789473684,0.002115161,0.25
Jeffrey Eisenach @JeffEisenach,JeffEisenach,aei,0,0,3,6,4,9,1458,385,1,0,1.143552311,1.445255474,0.002988376,0.118421053
Joseph B. Fuller,JosephBFuller,aei,1,0,0,3,1,16,1393,241,1,0,0.235485369,0.27868091,0,0.013157895
Jonah Goldberg @JonahDispatch,JonahDispatch,aei,3,9,29,3,9,29,341000,1195,4,0,26.93333333,40,0.046913197,0.644736842
Scott Gottlieb @ScottGottliebMD,ScottGottliebMD,aei,16,0,40,16,0,40,324000,900,2,0,8.6875,18.75,0.011217086,0.578947368
Jim Harper @Jim_Harper,Jim_Harper,aei,0,4,5,6,4,3,5003,824,1,0,4.928571429,6.12244898,0.00218288,0.118421053
Frederick M. Hess @rickhess99,rickhess99,aei,7,5,8,2,4,6,18600,465,4,0,3.934210526,7.894736842,0.013398188,0.276315789
Mark Jamison @drj_policy,drj_policy,aei,0,0,1,0,0,1,338,89,1,0,0.658564815,0.694444444,0.001035073,0.118421053
Matt Jensen @MattHJensen,MattHJensen,aei,0,1,0,5,2,2,600,690,4,0,0.230179028,0.508951407,0.007031104,0.184210526
Frederick W. Kagan @@criticalthreats,criticalthreats,aei,9,10,10,26,22,57,19500,608,4,0,4.658730159,4.761904762,0.002289045,0.223684211
Leon R. Kass @WSPWH,WSPWH,aei,3,0,0,17,1,11,493,657,3,0,0.212707182,0.236779795,6.11E-05,0.013157895
Roslyn Layton @RoslynLayton,RoslynLayton,aei,0,1,5,29,45,28,2632,1259,1,0,3,8.219178082,0.020925779,0.144736842
Phillip Lohaus @philliplohaus,philliplohaus,aei,0,2,2,9,17,39,691,413,1,0,0.307119205,0.491721854,0.000151416,0.078947368
Daniel Lyons @ProfDanielLyons,ProfDanielLyons,aei,1,1,1,8,4,8,1127,803,1,0,0.261938202,0.420646067,0.001691374,0.105263158
Nat Malkus @natmalkus,natmalkus,aei,2,0,3,1,1,5,1066,370,4,0,0.426433915,1.493765586,0.018137432,0.197368421
Oriana Skylar Mastro @osmastro,osmastro,aei,7,0,2,10,0,18,4032,136,2,0,0.284647303,0.342738589,0.000585814,0.157894737
Michael Mazza,mike_mazza,aei,1,2,3,57,42,74,3310,2191,1,0,11.87096774,19.35483871,0.011855675,0.210526316
Charles Murray @charlesmurray,charlesmurray,aei,0,0,0,0,1,0,82900,236,4,0,4.598214286,5.357142857,0.000683602,0.368421053
Roger F. Noriega @rogernoriegaUSA,rogernoriegaUSA,aei,4,5,3,55,34,78,7768,2354,1,0,4.315068493,8.178082192,0.007078513,0.184210526
Norman J. Ornstein @NormOrnstein,NormOrnstein,aei,13,46,76,13,46,76,140000,2645,2,0,25.54545455,54.54545455,0.005394281,0.342105263
Brent Orrell,orrell_b,aei,0,0,0,6,10,36,913,1659,2,0,20.28,24,0.014904181,0.144736842
Mark J. Perry @Mark_J_Perry,Mark_J_Perry,aei,3,8,6,20,11,54,21700,1806,2,0,3.556818182,6.818181818,0.045962737,0.355263158
James Pethokoukis @JimPethokoukis,JimPethokoukis,aei,0,0,0,9,5,29,54200,3739,2,0,15.25806452,19.35483871,0.082666274,0.631578947
Danielle Pletka @dpletka,dpletka,aei,12,8,15,90,48,116,12600,2276,3,0,3.640449438,6.741573034,0.059870164,0.460526316
Kyle Pomerleau @kpomerleau,kpomerleau,aei,0,6,4,4,2,61,7377,772,2,0,7.245614035,10.52631579,0.002285494,0.171052632
Ramesh Ponnuru @RameshPonnuru,RameshPonnuru,aei,1,5,7,1,5,7,62400,632,1,0,3.920634921,9.507936508,0.029022822,0.592105263
Angela Rachidi,AngelaRachidi,aei,0,0,0,3,3,22,584,291,2,0,0.427125506,0.607287449,0.002544496,0.144736842
Dalibor Rohac,DaliborRohac,aei,1,0,3,2,6,4,3339,687,2,0,0.924107143,2.678571429,0.012946903,0.236842105
Ian Rowe,IanVRowe,aei,1,0,0,1,1,2,533,210,1,0,0.028361345,0.040966387,2.92E-05,0.039473684
Michael Rubin @mrubin1971,mrubin1971,aei,0,0,0,0,0,1,85600,42,2,0,0.968253968,1.05643739,0.000549481,0.184210526
Sally Satel @slsatel,slsatel,aei,0,1,6,5,0,23,5926,760,1,0,0.621329212,0.925811437,0.002311302,0.171052632
Kori Schake,KoriSchake,aei,0,0,0,7,4,0,34000,909,2,0,0.4,1.130188679,0.013937985,0.381578947
Anna Scherbina,AnnaDScherbina,aei,0,0,0,0,0,0,151,18,1,0,0.035087719,0.035087719,0,0.026315789
Gary J. Schmitt @GaryJSchmitt1,GaryJSchmitt1,aei,0,1,0,0,1,0,450,204,1,0,1.095522388,1.158208955,0.014284196,0.223684211
Derek Scissors,DerekScissors1,aei,4,0,4,0,0,0,2253,14,2,0,0.127659574,0.17853839,0.000662591,0.171052632
Sita Nataraj Slavov,SitaSlavov,aei,0,0,1,2,0,8,139,131,1,0,0.009197324,0.02173913,9.15E-05,0.052631579
Christina Hoff Sommers @CHSommers,CHSommers,aei,0,0,0,1,0,3,303000,370,1,0,0.239895698,0.779661017,0.00714689,0.315789474
Katharine B. Stevens @KBStevens,KBStevens,aei,0,0,2,7,0,0,933,274,2,0,0.252162342,0.396540253,0.001205114,0.105263158
Ivana Stradner,ivanastradner,aei,0,0,0,9,3,23,102,413,2,0,0.01412615,0.023981603,0.001021973,0.065789474
Michael R. Strain @MichaelRStrain,MichaelRStrain,aei,3,6,10,5,1,3,10200,254,2,0,13.19230769,23.03846154,0.026996365,0.565789474
Ryan Streeter @streeterryan,streeterryan,aei,0,3,2,3,1,24,2332,209,4,0,0.809756098,0.975609756,0.009590163,0.302631579
Bret Swanson @JBSay,JBSay,aei,1,1,4,20,9,33,1434,2109,4,0,0.51038961,0.779220779,0.008325613,0.171052632
Shane Tews @ShaneTews,ShaneTews,aei,1,2,2,61,93,172,2742,4980,1,0,3.711864407,10.16949153,0.008133169,0.131578947
Marc A. Thiessen @marcthiessen,marcthiessen,aei,17,14,39,16,6,36,48800,1371,1,0,4.808823529,8.808823529,0.042946218,0.513157895
Sean Trende @SeanTrende,SeanTrende,aei,3,12,42,0,0,14,47800,720,2,0,21.91666667,24.95833333,0.002529611,0.289473684
Stan Veuger @stanveuger,stanveuger,aei,0,6,4,7,4,18,3895,988,1,0,10.05555556,27.38888889,0.034175131,0.381578947
Peter J. Wallison,peterjwallison,aei,0,0,0,0,0,0,76,1,2,0,0.005012531,0.005012531,0,0.026315789
Gregory S. Weiner,GregWeiner1,aei,0,0,0,3,3,14,1564,540,2,0,0.728506787,1.357466063,0.013463942,0.105263158
Adam J. White @adamjwhitedc,adamjwhitedc,aei,1,0,3,1,1,3,6840,179,1,0,5.181818182,9.090909091,0.014159559,0.342105263
W. Bradford Wilcox @@WilcoxNMP,WilcoxNMP,aei,2,3,5,2,4,8,13000,1271,2,0,7.351851852,11.11111111,0.021308554,0.289473684
Paul Wolfowitz,Paulwolfowitz,aei,0,0,3,0,0,0,1645,4,1,0,0.107852642,0.107852642,0,0.105263158
Karen E. Young @ProfessorKaren,ProfessorKaren,aei,1,0,1,7,0,26,6287,801,1,0,1.060402685,1.342281879,0.001045687,0.118421053
Katherine Zimmerman @KatieZimmerman,KatieZimmerman,aei,4,4,2,17,0,8,7056,491,2,0,0.580226904,0.972447326,0.002524705,0.223684211